id,label
252d840db,67
dfd946ac8,102
0c3ae4377,81
a31f90373,67
0bf251179,73
2dd56f346,69
d5320553f,68
e45a81eb4,4
6074e6638,43
1a5872fb5,65
2a5e80a12,63
5bb0fd4f7,67
a1a2e7691,77
fe2bfa700,53
0435e3c70,13
3d2ee2570,103
6ef2473d3,13
73ff3946d,102
2bf06cd03,75
5b3c21bc7,53
336577848,103
e9b9e8a26,12
aedb03983,82
49b260995,57
fac9307e4,47
1f36484d7,49
d6a792c0d,40
d828c217b,77
353bf092d,81
793a50bcd,103
25db0cefa,71
533d4492a,56
5d23a793d,75
49e871eee,0
7371defc6,43
18ca651a1,74
2adebc1b3,18
74f238044,4
27a95ef27,48
b1f3717dc,86
f789af170,50
461f4f5b2,59
852b5fb74,53
b2d489e27,69
c6492c817,67
f4672d1aa,80
64a27fd4c,72
31323febb,93
bff69770d,73
df89c0568,69
eb0a53a24,4
4f06ca2cd,51
392d70bc1,14
4e686a694,90
e646d3124,41
b57f67883,91
650d157b1,94
2cccd8e5e,46
014bc73f0,29
c0f132f35,102
5f15c8bd6,4
e237880ca,67
7fdb2b868,18
1d73e26e9,67
7b1773554,59
38c7f43d6,102
ed4b21055,13
f07838a9e,7
c4c78dc65,103
797ae6066,10
a13beee25,25
00ff2c720,73
dcdf04ae1,18
7a552ca1c,62
a7857a9be,53
5a74ce4ab,10
63d16d8d7,30
13c92db23,0
c832cf426,73
24aae97eb,39
587e44cea,39
f1177451e,64
81cabee91,7
87a93b8d6,11
ccf2ec80c,67
ac937c18b,49
09ebedf6a,49
b7af85f6e,103
0c548045a,25
54cd18535,53
2d8716e8b,67
e611f94be,4
f80c8bbf5,24
9e07d0aad,28
a73af3677,67
74973ce69,7
79686d60a,47
348bfc268,0
842297200,12
d2a45014c,68
31fd82f08,103
14be34092,99
36be47274,64
95f9e2bd3,13
f80b1c8c1,75
c8f0b4717,77
8b11c130a,49
5e0da2b1f,67
4c742de40,67
1f937e111,82
7dcf1e590,56
0d9e342f6,43
08b4c02fe,67
b65acd50b,13
5e5acfa07,80
fd7cd952e,69
075602d66,103
fb61eca01,102
e67454090,90
32c22cba6,6
2ae7f866e,53
c8349d602,49
c82045295,12
416b038b2,67
d702d0c15,41
19b1f6ed1,82
1559449c3,102
5ccc5c940,103
b9a6f2dab,18
26b07058c,102
f563b8f1b,97
a645ada8e,103
485e088fd,49
1153cf999,103
cb1fa5404,49
505515f6b,49
9fe3b171a,61
0a399baa5,4
42dc18525,83
43ccfd5e2,67
8a361b630,77
51f6d891d,0
6c7e15c23,47
43b2ec735,27
ab54ef65b,7
925f36b79,28
0787857e3,60
f49141ac9,49
0e1fdb95a,49
a7088bd2f,53
cd4179139,4
d375ebc76,49
79cde037e,103
5d426c1bf,48
a025436a1,5
91fae734e,103
7560dda12,49
2b403205a,48
441472ae6,48
1ba32dd82,70
49f7cdb45,53
c11e44cde,16
278e2fa12,16
49f864fe9,96
702b7fc70,71
bada5fd0d,75
f4f248df9,48
86935b0d7,43
137107106,13
8fa0abb21,13
cc599caf1,4
a8e11ba37,75
ba9e184b1,67
8701aa4ff,75
d45c77b42,103
f1e56842d,17
1eabd5622,9
fbae2fb1a,49
230302d1d,83
530bde853,89
563c9008d,50
0fedbbf5f,4
151b27a24,67
4479d35f0,73
3a1396fa3,57
8ecdad441,37
fc85dadd3,75
3856fdbd7,68
186a8ff9c,68
e78504c82,68
132212f11,75
19f37512d,103
59d5309a8,80
5fdf59f6f,29
2198f8dae,41
6a6ad6ad3,102
fe843e592,103
e44ef0f10,49
5e4a5b406,22
a575e3bf7,83
fb60964fd,72
23f8fc3d9,48
05c992976,14
ae016f27f,49
926ed805c,7
20b4cff1d,87
a12ca9636,90
2e78d7d23,24
5b9abdbc8,86
ce6096353,65
f1c7db9eb,75
28462ed13,14
e69b66458,91
7b89cf590,4
93b754b97,67
894696267,67
5d1259367,31
b9ff3b500,89
ebb1d9137,13
855c94fc9,73
ac73af09f,1
b8ff15213,91
9a33c631b,4
bd3bf8f16,72
91a2ba8ab,80
d92df455f,102
280b71230,49
8fc79c991,49
3aa210981,48
dd33bfef9,68
69e5888fb,53
9090142e8,72
d7c938976,100
143b75258,21
6ef97d18a,76
7abf68943,67
bdf131dae,59
52378ff5a,13
c9a7eae13,74
e2567b48c,50
17118cb89,13
25f594d35,48
c0e0640c6,51
34302ff94,4
a16eb5fa0,103
aad6bc2bb,78
8d4368f5c,68
e469820b2,102
d81fb8241,5
0d4b7df42,71
f8b20dc7f,49
eab53f47e,69
6ad636b14,7
97a476deb,48
61486eb05,60
329581d4d,80
b87e16bc0,103
d8437a7f7,73
981396649,75
85c2ca274,51
f7019798c,96
b738a5ab0,90
931b0b249,25
d35565c6c,4
6fc119103,103
7725cb554,79
f0727012b,83
7b53e5791,83
ce5af8fc3,25
aaab6a867,47
dd9cf65da,0
13d3c108e,72
34cc8d691,30
e93da9242,12
46241640f,67
c77e635e6,13
0befbdd9e,89
b05b5e5ed,22
7484473e0,87
cffa6d1a4,103
b811b25c9,91
bb15fd515,4
ce1019f58,53
cc0e98f9c,91
d83d3fbab,90
1691d45e6,59
026d4082b,89
4fdd76274,4
a2fcedaf7,13
62e32ec91,0
ed8c3c3f8,13
7dc69b4eb,5
b7c137651,64
c4d436848,93
07ccfbc89,53
a0c7302d1,86
1eba038ad,80
a7caedcb0,39
92673a9aa,4
8128b8af9,48
8a8eefe09,67
ce6303fec,52
aa560af38,103
9ed2586ca,4
a64d32c6a,102
a10a0b280,14
3d95467fe,102
b145790f2,96
e9a2109c0,53
7593bf7d9,75
09adc5faa,102
1314201bc,53
787578be9,82
719a12da9,49
4d178a6b4,73
47c4e4fce,49
903a3ee76,45
94a7c5ed2,24
3c5103dc0,103
11db2e1d4,51
e2e81b2c4,95
cfdfb9028,91
4e7bdb1cb,95
8ccdebad5,48
440daa96f,54
953076db7,67
32d710e55,78
1a5d9c089,103
364e07591,37
599d64d01,102
63eb884ce,54
1ff3a322b,103
627f0996d,49
eb2216bf9,0
1b07b0a53,47
bbad1c1a8,39
b6cb0c2b8,102
0f6325318,51
03af10094,14
462a4b1f1,8
d4350350c,71
7472f2db4,87
f5aa796ed,53
4eac8e323,72
50c36b121,50
92be2245d,80
1a0fb01d4,43
d2927e981,4
de4b24dec,87
2043fd8b7,48
464ee7908,79
f0e6a679a,4
87acecd2a,67
3962a6493,48
acd745458,73
8d73023b6,48
9c5095d94,51
74f0d70ef,51
dc826db21,11
2ceabb5ef,53
750bae291,87
29add8561,103
00e3084c1,52
d91b12e12,94
81d39b116,82
9b2c62063,9
677dcf9b6,21
fc2f9869f,48
c38903943,73
e6c5fe236,48
5817b58d8,53
9d3f09890,13
1c8122f7e,87
e8475ad43,103
6e74639ff,4
06acca7ac,73
c50ca0af5,52
9e4eb029e,78
8dc5fdc92,67
e4d72ce27,24
6094552e3,14
15cb0c24a,4
1c3a7bc99,9
b20b97998,48
c652a7499,45
529f2ee42,77
da98b5bac,47
cf3047df1,4
4afd6043f,68
0e6c034cd,103
9a970ddaf,93
7a26fec2c,8
6a69d191c,86
acc347bb6,4
4dfa64964,70
1b4b7b0aa,103
29bfe409f,51
e3bdad3bb,73
8d5b79bb4,94
a6ade9e09,59
c8e30f4c4,51
d4bf7a89e,86
f9f196acc,34
aef983095,4
5beab41c5,103
70cbc35a5,102
5112d23be,53
69c31f86a,10
b9a264608,90
95eaa8650,47
3714d19b7,64
8e9cb9e5f,39
8bf87e69c,76
74f1c073c,45
805888e57,78
21ca80954,103
902b5770f,75
090a1154e,94
3653292ac,49
4ff54212e,94
edca7ed7e,5
6b8d9d74d,49
2c061c902,103
979be015f,46
2ca0a45cd,14
1bbceba89,102
433c9564f,94
8fe3eca19,103
c62460407,90
96df0c6bc,73
4591d2725,0
4dfea8574,0
394eed0ec,103
3a1d5b5db,67
c5c1962bb,49
ebd098414,53
018353f1c,49
547e41140,67
1e59b9929,37
4479a460c,75
69f5b082c,87
993b3757b,49
a666bcc36,91
f4684cdeb,67
2482d97e4,51
95eb4c83a,67
17625283c,86
42acf797c,90
f51e1baf9,90
689eb9f68,49
57d893ed7,55
a829407c3,49
47f8f7372,9
9d9605a15,48
30ecc23d5,48
da176437c,87
b845a0f00,10
b0f5721ca,68
754eab3b5,73
5fab0c048,58
9e99e1332,100
7f4520e95,80
1c4736dea,28
6e644aad3,49
98f62f563,69
855229539,77
512aaea7c,25
b57dfb28a,25
3cf6321ab,0
a83db002c,80
ac0930c4d,75
2fafd906d,81
41ab6b40a,49
ac6d42eca,102
4e5e899bd,53
eb86fad74,4
efa3cd848,53
c476f6495,103
954d0fe63,14
8d53d2814,103
f5b855bb6,92
1ee5a55be,28
22f63c29b,103
ce71e2dfe,71
94db73148,40
56e5b72fb,21
5b8579555,63
c145a87d1,67
54493a1bd,49
558548e53,67
a0277cf50,97
58dc520a5,34
80c048cf1,4
ea7342d9a,86
f20ae4712,53
165766e9b,98
ad2e27bb5,9
689a0fbd7,48
7827a1d5b,45
c2a426d70,24
07550addf,7
a8f945820,53
c127de43c,4
df723f46d,77
240684145,49
33fd32684,49
0d9ca96d7,74
8a4293e72,4
06ebbb560,4
b364e8688,70
65ad58f26,28
1d73dffbc,67
1fda84008,103
492cb82ee,91
da83fb069,75
501117624,49
27eb5a7ee,50
8cb3a6ba1,4
05dc093b8,79
5ced5d4a8,13
4c9f8b6cb,73
ab218ac50,91
2deaeb284,13
4181595b9,57
6f509e3dd,29
656cc827c,52
75001ddea,103
011d32580,7
35396fb82,30
0b9841d58,53
daa970cd3,67
0a159c5f5,56
63655033a,62
cc9db3d3f,49
3aafc89b3,71
7aa990232,24
33948db2d,50
51c386b65,10
5d0017929,91
f2d41d6c3,4
e08032ac1,53
99c14d554,103
c2d8b52f0,28
cb697da69,94
7db72601e,67
af5e2bbd4,45
18d41400e,13
a3160e2c1,73
e3c7bb70c,68
be2773579,14
5bae6010f,56
5464a7e4b,73
8a693ad10,51
965dfff6a,57
af4873fe3,49
329d815e5,93
1d1f028b2,102
0d989f57f,72
26a59215c,53
598a1c3d9,68
e3efeee68,72
88f6fd6e4,51
ce17d08ea,82
61f976a63,77
c0654d4f5,69
462e25ba9,8
fae67c6fb,24
bcbb5c787,103
692cfa850,50
a67c5bc5b,53
57ca642dd,102
07aad3ba6,41
0bb9c3f30,89
a66f7bbc6,4
f7ad645eb,103
a8b46288f,11
6233d3e01,76
55a2149cb,47
6e7629a9b,103
5235c6c53,54
9c73592f0,67
29a02c757,63
9aea1d3b4,22
2ae85b034,53
2ad779d27,4
e3b9acc43,41
3a01c3e88,59
a9f3ec5aa,49
868f3ca31,98
ca2cc5375,4
5fed86a73,49
15442a507,5
02821f581,95
a81b149d6,49
29d710a29,74
77628c813,67
e87c94e9b,41
94c53b0c3,73
8ca2371d5,4
c8b1673ca,67
7c2f23622,73
bfcedb4e7,59
1d1b18d38,69
474219bf8,103
bfb86b915,88
d503d72f3,71
347f41bd1,4
d493e1205,67
4f855f8ce,5
53cf1033d,102
a7f1fb92f,67
0dffe81ea,97
5e2692d15,6
c7ab8e645,53
1fb27e305,102
53cd52d9a,51
867374cad,103
c357e5a70,58
127e61a47,49
156c0950f,72
6eeec13c3,67
5e45c97c9,43
fc3f3fa1f,28
04cbe7a50,97
df38bb8b2,28
b56ccfec7,48
577793268,5
e9178e294,4
516a450b7,56
536842c4b,13
f93b17627,47
5233ee8fe,45
5d17abe47,41
0905820a2,96
b5fdbbd19,78
74a2503cd,67
60372c4bb,4
6d822303c,14
01863f6d7,49
17f8af701,68
fb87ee5a3,46
4d4c87a41,79
1fea6253b,71
0fc65150e,41
48b84677d,18
0fea673a3,41
41a1ca700,42
4374d5272,83
92ec435fc,14
d28273036,74
a31e545e0,4
5cc2f95e9,90
f534d4ae1,76
e4ba02634,0
187b49cc5,102
8a4dedc87,74
9f80990ad,103
e87044bc2,12
75753e7b1,47
3433a69c3,0
a39a47b84,103
1d808a2d1,91
aba2f346f,73
5a3dafc67,25
532eacbec,95
5ed06cc85,47
ac3ed3cb8,67
8a5e6e01a,53
b7ad7d574,102
439c8664a,103
9d8d9607d,53
07565a412,1
6f3f4d188,27
8b0062584,71
fdf7c8fe5,49
7da20ceb0,53
f1495d941,67
038c1315b,71
1d51372a8,73
0f40f447a,7
6f0d8372e,67
9199afd98,12
334df9a32,13
e758b0185,4
de8fd4020,93
470847079,76
f2ef2873a,43
5628f5deb,50
af7eab8ce,68
a8ae0ccc3,31
75906e681,73
bad8d3e9f,53
730d2b0f4,67
2476c4270,49
0aeacb28f,4
6d260c2c4,102
42f3a0c03,13
2382c277f,75
a13259e0d,46
5cc793cd8,43
e72c5d3a9,91
83f7c30e9,67
001e13533,52
978d9e4ce,18
201a74da3,27
67a3ff9db,71
af8f1a4cb,80
2a8131dc4,18
656a556b0,80
8a9b13bef,13
99d0b77f9,93
805f78d97,82
84b6560ee,43
ccefc605e,73
c90849e35,75
5db83d658,103
a5566ef23,53
c6e5bc142,67
bc08f60aa,49
6a69a6ae1,102
ae78a484f,82
71d454f1c,103
2ec1937d2,4
5083ce580,37
f7fe0d522,14
d970c4ffc,24
f62c0973f,4
7e8d0ab34,48
070a1abea,49
e68152d61,4
c93150ab0,88
6bc2469f2,72
656851f72,103
c6c801e09,67
ff2e1b825,103
22b20a20f,7
99b639774,72
8b31b6453,102
23c567b03,21
42090e3bb,48
99e7f0526,14
546ea2a87,8
1f673a775,21
23052c6f1,38
ba23c645d,45
4fe7886e1,50
116dfb5a5,55
ddfb8f27b,34
3c98993ff,102
611876e26,30
15bbc7306,103
26cf9ecfe,53
06631da4c,75
738116e15,52
24526b077,96
8e07cbf1b,78
7adb142c5,49
8d60b7464,49
a31b18ea9,86
413305146,10
0623719c0,4
8a1f6d193,82
79c5126ce,4
43e458e40,67
66f455e67,46
2e1a7e4a8,42
763b49b1c,71
738989c7d,14
7d04df1ca,10
9244f8d54,39
97808297d,8
337ffc67f,39
dfceb73a0,67
99e810fa8,82
974a99cd3,53
07d138d01,77
e5eca71e3,4
141ee85b9,10
26f0c457a,53
60c0ff1b2,22
b82ef433b,73
a0affbd33,51
a195eb3f5,67
1cb630a6e,77
124b3526c,8
2c8f66cc6,48
ce27113a5,30
49fc70cb5,78
4adcfb275,53
f52f85873,71
ed55bdf99,45
68e8b6b9a,102
6db9ae896,67
d9a466069,73
ccde3ea45,73
18ce23111,67
175e8c4fa,43
d415cf45d,103
848c7cfe9,4
d16bd1260,82
0cec3ad84,69
24bc9be2b,90
708c1099c,51
ceb261e4c,103
320890eb5,4
2da86b144,79
57b85fec4,22
7ae85e90f,88
afa55360f,98
f116f4ff9,76
6f09acc36,27
4f4f5f14e,13
6e3ac91be,49
8d3aa53aa,83
b1845770d,41
407b393a9,53
176afa321,47
915159fd1,86
d0e1963b1,57
183896a90,13
2873bf12a,4
b63c59f86,49
4f8a37fb9,103
19c5ba9b6,103
39dbd326c,47
87a192226,14
e2a511303,57
afbd78d62,73
bc53d427f,4
2118eb37b,91
cd35b6b36,68
cee0a6466,49
be5a25da8,48
07f963c50,29
24dddb20c,28
d64daa728,103
706bd2088,51
76b0d0576,72
887cceb1f,14
157924ece,102
86f5cdedd,103
c61564271,5
c9f640a80,4
3f1a86245,90
875d12d36,102
18abb30af,4
085b33a8f,10
e75ba2d32,13
22cbf6e58,13
769f6fb8d,48
168f633fc,67
6180782c6,53
18a0fa20c,0
2b1fb675f,46
a7e869862,86
43c7672d1,103
48bf5c6c5,103
19b55b489,45
eecfcfd26,103
842be06bb,47
408db7399,53
e4e3d8a4f,80
bb5147a35,21
d35b47e60,0
eaf19ec05,40
fe824e9b2,49
eb0a1b58b,57
935518c47,49
ea95803b6,4
420e4c39d,95
ead4c9659,67
ee3c66211,53
151d03177,8
5d4811c9b,67
07b1b8c87,10
b96651b6a,29
fe30ebb03,47
486d538e1,68
f5e86abe9,47
14ffc1505,40
07b9edd52,93
9c3ca26e9,8
863e8afa4,103
f7ec97ce1,93
caff65f31,48
f7890fb5d,82
646e258ec,70
698676b2c,29
d1e91d28a,93
c4c9b5dc4,49
c92684487,65
056767c8c,14
50c9fd635,49
fc8428025,49
6abab3d7d,45
2cfc6468e,24
98cb45c72,17
4a3bed1ab,67
2c7a32907,102
07a4b0444,53
f8b87bb44,87
ee3c0e393,67
eedc4e2f1,102
4c8e7b1f5,47
e5540e0f5,48
874df1738,84
7ca677dde,67
832b85df9,67
f735fb308,28
c3ddcd12d,69
4a1d07383,73
b020fbff9,53
cc256396d,50
c20b4c81f,18
6387659fd,10
e59f4958d,103
a78af18b7,67
32a1d9f65,46
abc1d37b6,96
1b4edfea8,14
1e8c44cbe,28
1dae04aa5,10
62a682a26,17
25e5d12e0,67
c37a6f3e9,83
630ba700c,73
22149c3fd,67
07c0d22bb,102
b4663783a,102
4acd9d511,53
6066bf3b3,103
584b3a955,67
94d32655a,93
c8bec0f66,47
7acc72b45,67
8d8f3ee47,67
33a504d5d,87
06291a920,75
3231f45f3,53
7a7fefad9,86
2a0dc41cd,35
9f6708c0b,53
4b4291637,52
3b89f294f,54
32aa8548d,76
7c30e1a81,52
9b1b30062,50
246798d36,4
9679190dd,70
eea83069a,67
f7f45e1d2,40
1932af102,53
8a566296b,49
234f9781c,49
f4c6d5b0d,56
009b39e15,43
c3b24720b,18
b4aa13520,12
72337a91e,50
94cf9944d,71
3e0dee547,48
72c2a5cb0,5
ad34c1f34,64
5633f1101,4
5da2bfc47,39
e14129a0d,60
b94381f7b,75
8a7b93f64,50
02040055f,83
b5860475f,37
3b197ec5c,53
01337a0cf,77
e95f725f6,46
b1d61c023,67
cf1ad8706,27
e44a6c4d1,50
e1b63aee0,29
fbbd35173,48
178290233,47
a8a7882c3,48
08271595e,81
b14b95e77,0
eefdd0431,3
061e6510e,18
a7d9f1cdf,103
9935f0510,29
4a2dd1c8f,97
683ad13b4,68
333b45bf1,24
7e3809573,102
9d9654afd,13
ee652c6dc,49
9643a628b,4
ebc4dfd8f,67
5f813832d,4
2a0eb44d2,91
07b2fe99c,53
c293ccc31,94
54cebd37f,68
23a1a3753,45
de847e487,53
e576b00a5,21
71ee25b79,48
ab0af1000,49
cd15074d2,0
e730f38fa,72
eb5ed44cb,64
3bccc9014,73
bb0b0e551,57
fe6991e3d,48
4b7b43b7a,80
1aa8492a8,75
b39cc3832,9
450d37a38,95
de261e169,4
1baa33eaf,80
a6db0754e,28
11300f71f,49
13166036e,102
eeeb6b66a,45
4dbc5fc3c,103
46290bd98,13
092187ff7,4
75ef86e19,10
9d8d14332,80
3a29db605,99
27391414f,103
9e4d41ad4,86
50fcaf0ed,73
7eaff7aff,102
8b15247f7,49
7b151e3d1,73
25faa6813,10
e210dc4ed,103
f56efef52,59
43975ba66,67
d69c942d9,11
092be0405,102
98077910f,91
23620cfdf,51
1446df348,18
4ed9720ea,53
3127f8637,67
345b6fc68,70
20079ffd6,0
7fc99345f,98
05bd91dd4,103
d3ccdf536,14
4e43a75b1,0
ea72034f5,53
c86b6ee78,28
4f02105f5,81
352d983b1,5
fee2ad37f,67
ab473d0fb,11
dce29c03a,83
39902d722,102
c571990d4,16
76c56dda7,51
149d11de6,53
138275e36,94
6a22f0ccf,76
9b8caede3,51
564305f6f,56
c337a455d,4
084527620,76
e178e1fbb,67
504495975,49
6c80cfb8c,67
aab3a2289,74
557117401,102
3daf5597b,8
ca53ebc3c,86
87fde6edd,22
bda7820cb,49
ca8726968,53
bcd08a7dc,85
a5ae66568,14
49add67af,80
8a18b9699,0
b764d3dd7,73
9dbd813fd,0
f4fee0e27,42
8eb564814,70
ce934c0dc,90
53f3609ad,4
f247862ee,10
f9b3f2991,103
5954098e3,81
8261e8f5b,67
e2e8f7c06,80
cb3bdf3e7,17
8ab8cb727,12
31750199b,36
1f21ecd18,4
58dbde095,24
2ee9ba725,14
ab254cf0a,46
ddaef039b,77
7d540187a,103
1d24f052a,52
a670f0c43,51
7e517b238,22
4d05e9395,83
7683668d8,33
6896dbe36,100
5153e1522,13
66d3a82e2,103
15ef197c6,52
5c6e09f5b,13
c17b6ab8f,17
27dc84ff6,103
f3300dab1,75
8d4c9f88e,18
c67858398,14
182c9e6ef,73
5d58d5dfe,68
b2982bed5,103
7864cabe3,4
03a46c116,28
8ccadcb08,73
5453d7402,4
c5b5ecb0d,48
762c5e25b,97
2b9959134,83
0698ae8e2,52
72589c9b2,14
35b896087,67
0bb20e5d8,53
df76ddfcc,8
059ee98dd,102
34f820893,41
abf65b6e6,90
1bf635fcd,103
f38eac7db,67
cda807af3,4
34d736b06,4
ada310267,13
8ed239a08,53
1f750d4e6,75
a63f52d9e,48
6f88cabe1,80
d9924befc,90
9a1e64ece,48
99caeeea3,73
8f8ba278f,102
630d3e7b9,4
4165e5bec,53
0354bcfbb,67
209b4da16,4
85e1dd858,53
157be3bb4,48
cc99ce5cc,0
10acd2f2c,73
ce6b9b704,4
367f31c9f,73
10c508f77,30
60e8a1d83,63
f553000bb,95
39df767ca,38
b5a739d1d,67
260517e44,71
6601f2903,103
0abb8d338,56
cdb8be610,4
8ba970109,98
f5d022470,55
707760045,37
dfbb8c112,71
f2db90ee7,103
7163520df,67
4dc902039,103
04d9215b3,4
95b5120db,47
ecf751fe5,67
a91e7f455,59
78ccf47e4,34
0fccb02fa,74
2a459a0aa,102
dd0839e53,53
8904c358d,48
50ff8f2d0,73
db86084d1,64
da9de3c05,77
288feaf8f,67
7d2140905,47
786172ac6,49
f16b615a7,62
2bc4dc850,72
97ddeaac9,93
27f69132b,103
65b44f1fd,102
760d22629,79
49f2b41a5,103
b71543e42,48
60a40c037,49
498d46ee2,86
666f4d363,48
353d4bd0e,76
7d5d89bf4,52
f67596886,102
e267693a6,73
0119427db,17
f6c766f77,57
73acd2065,18
ca2f4b9ce,4
096df77da,49
6ebd051c0,5
a6732ac2e,77
4ce386ab0,14
ac28e9c47,76
c19d02d04,67
31a7d4530,21
440128919,68
532160a43,60
35c39adf1,43
2d3c0a80b,103
49b354ce4,75
92d8c290d,67
1327f9bd0,53
ac1c8b1a1,9
fc6fa6753,62
09c8ebae3,22
dde8d3397,49
7b46c52c3,73
92cf1594a,75
564564fa1,36
1c946e0a0,24
8fdb0b741,50
78c02c2f5,49
3c5f0c3b4,13
2655440a4,4
62e5874bf,14
755794886,14
17d0be640,75
b9811a813,18
ea072301c,63
1f00c0495,67
f337de2b3,94
1a6b89e31,48
1c08a7736,72
b765dfa87,77
def4dc802,31
241a96f41,103
41af5743a,64
8848222b2,83
c21cd70d4,52
1fe1e5c34,94
df23921b2,8
0d69ec15a,65
6d7ff30b8,52
8d44b6bfe,90
85c40deca,68
1ffdf0d9b,62
c52257cf9,29
a794b05cd,103
35f0035c1,86
f7696fbde,74
897a2400b,67
e8cb185dd,70
ea915b13b,53
ddd24583b,80
849e05914,103
8ef4a7754,82
95e7165a3,47
2ee5a9066,28
a497a8c2c,73
58a2ab14d,43
97d3f3707,50
33b9d73b8,4
f0e91b85a,103
ef799e46d,41
671c7b595,91
563a8d7df,69
257de6c9a,10
f05894941,5
2b4be937e,76
736b7b278,53
2542212f7,73
06d517e80,82
f247352ee,39
a4e32e242,95
6a414bfdc,65
a405112f8,88
5b229190a,51
28aef7cc5,47
c68758b00,53
b57325fc7,53
9e3ca10fb,15
d710d0940,87
b77626f46,73
ac184d84a,86
202b90ad1,49
36568fe64,82
f1ccc8566,74
0664c88a1,0
e914d195f,4
f638bd582,67
dd6301145,55
65ce506a1,71
6bf4a58b1,67
166c6bbf7,72
b82ecce8e,13
79901d55e,59
9b9381ad6,89
d6503fc7a,53
745cf5ce0,102
edf6883b2,39
cfebc1eb9,47
9b9dcd9c2,95
6144fcc9c,16
bc4b01a52,71
1ed9fc0aa,52
8f4e1b979,85
9dec6e6da,84
23cce6771,82
6129c13a7,53
7cb805a4b,49
a7464ddab,0
3ef916a55,103
9ff26d18b,69
e7f0f1e63,57
0ec158f7a,101
60b3c1ec6,21
3081eb3d7,87
b067fabd8,48
f34e6c4db,40
f1e71c574,103
2af766509,21
40eda589a,29
03c4126b4,4
87f6a1325,73
b0d928a20,103
9da5c57ef,56
f880b1d01,46
e9928cf8f,67
e9e0698f5,4
b30719c82,76
dc4338093,24
3599e2fbf,71
2083b8669,103
2b5c4fa01,81
ad27e607b,102
eac0fd0b9,67
f6f821392,91
1777595a2,53
8fc8f357e,10
5528db727,47
f6e9739ff,78
f59c3ad7f,103
da1b9b717,103
8996126cf,48
a1c8de469,73
d1ae6b983,68
19f18eb63,55
7f7b2c732,82
91398b8af,5
fdf61c313,56
e11a7a42f,67
ab905cacc,14
f7107a3a4,62
38a3caf8b,102
ca050faf8,12
9ed125a83,49
36d4c70b5,29
052f7e154,53
6f238770e,62
a18ae9e89,53
85f511409,103
de9010824,75
02d846418,103
e68ff576e,75
29f4ab45c,102
3daea4675,5
5ec08d254,72
c54530ff1,48
c44d85f2f,51
7dcc4ff7e,4
40a956d5b,67
91212615a,39
cf787b891,29
581ead9fe,72
8c5e0c760,47
d7a9e0691,53
1da642ca9,103
40ff0c11f,18
00e4f514e,103
6fd484575,54
c3194a1e8,69
b7b3939ca,79
9a4cb2829,4
cc0db3719,48
66e6f6938,5
f028e8401,90
04c9322f3,4
3341a6efb,77
19e239913,43
5954973f3,67
d31f5a836,16
84b7495d6,87
4c0a72203,102
d2b091c3b,52
8e412c7e5,49
a69c80256,48
2b313ee7c,102
344a190fa,103
77f6880d2,22
e5b0c4faf,53
052d2dde2,67
524961d31,4
b2b7e722d,103
f83e299b4,67
bbaef0141,67
01555bed7,41
b1296679d,75
2a0404164,48
f0f03b04d,75
4c4caa583,103
39ceb1ff2,94
146463828,103
99be4bfbc,71
c0f55d16e,103
d6694bd34,72
0db15a736,24
60711fbc1,55
68f48e5f5,69
8a89d3315,21
5a2fb5300,103
d9004decd,47
46002f8b4,0
61da47774,73
94693762f,67
15c5a0a46,72
ed8f1770c,8
ef761a150,71
4bf7df629,14
67ec88f39,76
8d8da7a3e,102
0401b69cc,76
0c8b4c597,75
bfd66b238,73
22324cd72,28
7077a94ce,60
220b46a44,103
9843c53a6,84
04a9517b0,95
7e512d140,5
c34f2139f,96
b8e0b2ee2,74
0bfb74564,80
8cf4b952c,94
b15603bdf,4
4b781211f,70
1b0d7769d,79
dc7a50dab,72
ee559b5b0,7
698eea745,48
4171d3272,91
dfc4c6de0,72
e2480f460,87
d1b715fc8,4
78be4d100,14
f2702f681,103
08263abdb,94
5892ebde8,28
8f01b1034,46
0c705e746,71
ade6312b1,4
50f72bf43,4
4bf799dba,74
fe0e1d7c2,72
71525c500,103
58ff9dbee,67
27ba808dd,4
a5c3359e5,82
548a35991,53
eda07476f,77
0d3269c35,4
36a638215,40
5bcf739c3,5
e1a0d5f24,17
6afc9ee54,71
a16bdddf1,48
c07cac3dd,4
dde25205a,71
20aea9077,79
54c0482ce,52
73d138dbe,28
54f09b0b4,13
0315a723c,53
6f03f9497,103
be3873f5d,67
2f460d807,4
bbf51ba25,49
1eb8876a9,78
5078ff4b8,102
bcde05c42,52
ddd367d19,4
f36c00407,67
d51f2e142,45
abcdf9705,48
d1b0f75fc,18
50f97c747,102
b8e1080ce,67
77f19a3b9,19
a9a93e3a0,9
8d729fb61,28
fb745f800,41
16e29883d,73
192bbbbda,27
a114ff305,69
c38884c9c,73
2afecec3c,46
297d94118,30
cb05fa534,61
39a628cff,49
1ef078208,14
aa063d915,67
75bb87271,95
c6baa2b95,55
b466a17e8,16
828abe04c,13
d18ee118e,102
a9a679316,103
742ca771a,73
d77fa0d2f,8
75d3452c1,5
3b8fc5371,66
24261e7f3,69
7bba13923,75
791899b46,68
6841f21d2,75
ec53bc088,86
999be9923,53
bcb73b724,29
24032b382,90
eaddf667a,54
d9af9a571,48
fdf659ef5,75
a939e29d9,94
df16e4771,11
a078d515d,74
2c8530a58,70
e27e698bf,103
ec51d8607,30
3b2fe5739,25
c16bd5262,73
600da56b9,12
532e6c637,53
b2d3bbf61,68
8098272f9,48
49f98b25a,79
a155b0167,51
ff5fdbd84,13
330cc9d05,24
b59846a6c,93
500cf0ed3,103
a7bb097c3,51
522ea009b,103
c3bf03c46,73
7db900a9f,25
51d6b9846,102
8c0e403af,103
da0fc52e5,73
3758eaf1d,21
9fe09edeb,8
f83823a7e,57
f16b7e08b,9
f3e1244ca,46
a4841f6e7,0
0e3a60b3f,48
bca2de14e,0
bba2d82cc,38
02eea69ff,53
909ea73fd,95
a7c42fdb2,49
92c7c2838,5
d32d6ccd9,75
47134493d,98
7dab12862,90
a893581c4,9
9c0cad204,53
501e378f3,79
ccb9b5cc7,12
2b08a162a,102
d49030919,75
20dbff58b,77
2f230552c,67
7ad932a97,91
341538182,12
2f75192e2,0
4fb19aefd,82
8b0aa3f7a,45
c425cd871,59
85f3749ca,4
23a39f766,84
08d076fb7,75
03536aa93,53
8e6d1a140,90
ea16b16c6,103
f468cfed1,67
1a5e9517f,10
6318d6cfc,103
6b3b8d49b,57
b07bb0c22,4
9ebc88cdc,4
ae8e8b50a,49
bb88f386b,53
9e46889f9,102
9677be74b,67
2c0fac807,18
19d5edc51,51
9a2fe7b99,67
f4c3dcb09,103
bc707c021,86
b8fbf9eca,31
012e26395,87
9e006b3d6,103
1e8175d27,17
56317c242,35
5f3773437,93
645e6c963,64
afc49f312,46
af51f29c8,65
88e754f35,41
1c63f50d1,49
fcb500296,93
b3c636639,103
c5d9914cb,49
44fc90316,14
ec33a58aa,47
85bde49f1,58
9040a1e5f,4
5fc2cecce,86
6da191d02,53
abf89f144,82
7263dccaf,13
9290d73a1,0
bd6ee4ac7,47
0aa405eec,67
322b5e989,83
f55caa50e,12
7405dd1d5,28
cd6fb957b,80
0dc26fe1b,47
b299b2022,67
d4c0f8a5a,67
73633e6bf,74
ffb840ebc,103
8ec1ab770,103
fa7866999,48
52dc12639,17
3ae3126c9,67
8a5353b56,67
4191e9966,75
576f07382,86
a67769dd9,95
56a33cbaa,53
de8795ddd,46
fb7d17d79,14
9ea847197,38
76809aa23,11
ee2fd195b,4
15c1eb33a,45
8515fa3ea,57
e9fc9a217,47
64e5e148e,51
11f448738,63
39236fa60,75
dbed4d8d3,13
25b1a1971,14
114d128ca,48
46f84af18,17
dd331079f,77
0240a9430,4
1557e4b6e,102
fb7984b64,102
30b7ec090,36
31a00d007,28
de23c5486,86
3d814b28f,49
2a99b0118,67
dabb82074,48
4e19a3a2f,65
a36120551,48
b688ee356,76
4156a2861,76
3d44a717d,57
54a9c9512,14
6821046ee,103
e291c8794,45
d92a98c89,53
6395b130e,13
1ee86a298,48
a3500e94e,49
411394fae,67
ebc612beb,73
4e4c57892,4
ce97c8026,32
616bbeb90,14
4b49bfc87,82
6df282095,0
f38c7346b,4
1971e15b7,53
eb6dbc774,68
0a98a2179,49
275fa220b,5
8716d5221,77
1fed3b30e,81
d06adb15c,48
af8f3cceb,73
f822afd0d,103
f56f35811,49
3dbd32e8f,83
b3cc561cf,48
fbceab432,10
19248ab83,72
40cec32ac,73
64088707b,30
f9c5a4820,67
7c734cbb4,68
d2e838de1,47
a67e861a6,4
285ff0263,52
6f81b250e,71
7f0c3fad6,4
3fd719b67,12
9b49af313,72
b8c5eeb8b,4
c49f75868,102
a86983a99,95
ada4b9362,31
718f47a1b,75
43428f900,80
a5c902dab,53
fea3b6b40,13
bcc60f666,7
c393d0e16,43
8d8c840c4,73
0fcde961f,73
67cc6b5ab,4
26417279a,103
904bafc6c,50
597bcc032,37
a1bd64c5b,73
91610e157,13
cbf0f9495,73
2a914ceb8,3
aa1db9aef,89
0021f0d33,53
fcb1d086a,73
846099053,93
3912b7506,41
e7870e8a8,13
f69a85264,53
4bef06f11,53
eeb2d5691,96
4751e93ad,4
023520fc4,69
e3069605c,94
fb3530a46,76
1aeda3f6e,75
a2d6fcb7b,14
97de1dee0,49
4289422a5,49
f4feeb150,72
6b4fd7e01,102
4779122c2,48
3333af434,80
fe40a3dae,96
eaaeacd1c,93
9ba7dcc7a,91
b1de2b162,103
3ff1824db,45
653dc3b58,67
061e3b226,81
ce6f860f1,44
e181cdda9,53
69ed9d7a3,68
db4859b98,41
f2d9b993d,90
ad06e1507,9
5edeca301,74
caf89a8f1,58
ccdbfbc8c,67
f4ac8bd6c,53
3edd04c83,58
089c2739f,20
6dc57d8b3,90
a76407bf8,73
39327a0dd,103
061988edc,82
3ad81fa96,53
6461cf7f3,68
92b24e585,87
6b5cf2a71,53
63d72a8b5,4
170517f38,0
cf8ee02e6,102
b6559ddf2,29
b167313d0,31
72848173f,53
916e18133,49
121fc6463,0
0cbc27679,5
ee6340fc0,49
72033968b,50
f424ad351,80
8d94bd8b9,102
490efc553,77
e9d6bf3cb,50
c0edbe84c,95
d4a2a2f29,76
4c0f2c1ad,45
56a71117b,78
6759ac31a,0
7b506b5bd,31
f2a35c7cd,103
07b1b52f5,67
d0a654445,87
ac1af6f95,53
9a879fb6d,4
d7c723881,67
7605a3733,17
c210cba33,49
14a804b2f,13
47830a2a1,67
6e16e769d,68
73d04b4a0,67
f85c3cd52,48
5f2c16024,12
4028851f0,79
89f3b6297,53
e810fbb6b,48
2b47bed50,103
8965a61bc,83
f5a7cbd09,22
68d5dc3c5,99
5ca912390,102
52dd86f38,64
881336587,5
6021f47e4,102
97dbf9d67,13
7d1005a2c,26
7f5479556,51
e955870c5,45
3b7c11d3e,103
9cb5c3012,67
59d1b6146,46
48c96bd6b,73
7b437ba4e,9
1b7aef8e8,79
d6143b4d4,4
2f90dff16,43
8e7173502,103
ae62dc8b0,53
a29fae12a,71
5eabca233,23
9950111eb,67
e7292df85,4
e345afe29,10
48f82311a,9
774e6e2a9,48
3da7e8585,78
2d3ea8986,103
e5f6dbca4,48
083ee0c99,5
49ebce8a6,71
6aaaa29e5,53
01c633ff1,74
23253eaed,68
eb64f3c3f,94
b2a655d89,39
c0a83f8bf,13
1f2eca93a,75
2b5f79660,67
1a2e45581,102
eda20ddee,28
2618facbd,77
7530384bf,4
14ea3ffb9,58
c4c802142,49
26b8d61ab,12
3dee899f2,88
3085e18eb,17
c67446d52,103
5b313549c,88
6182a0538,67
0ec8c4296,48
f0b002c23,14
6fcd677ac,13
007d156b7,99
fb4b0daa2,18
d97675b32,0
dc2cac36b,29
0d5f19588,102
084919197,67
3b39970a2,30
c71b3e27d,103
9c54f2285,3
854ca7f47,13
87b9d4bb4,67
5bc1ab931,63
8e612d36a,52
37997c432,49
6f2bccdac,83
b25179fca,49
308dc8750,46
f437c8815,97
48490759b,4
96f729725,50
f97785498,22
fe737e3b1,43
7bc968caf,5
00f9d0e97,73
ca9f22cc1,4
5940f63c4,49
7f7c6d039,53
adca067b9,86
0df8316cc,67
5a0aa798c,70
f616c93fb,103
d90cad151,33
d9a8f22b3,49
bf679c82f,34
cdedc9d47,72
40ebc99bd,103
8c434769b,0
8507d1b5e,78
26c144947,48
5de25f69a,67
ca1cef6bb,29
ecf4c1f5a,86
7a5dfb158,25
6c9aa2460,71
0cea1df9c,81
377c89e04,31
9ba782fba,8
4dde25dfa,7
89f46bec2,103
4078e0b39,102
4948e3ecd,14
b33fe8ed7,4
6cbca5559,42
1b54ef9a0,103
f2809517f,102
65d14bd99,103
7be2867e1,96
ae6e725ee,73
3b59b7879,76
0510cce3f,103
eb09ff6cb,53
da2d31c98,4
b137658ab,4
2cf137648,67
0d7c08885,67
f3a75828c,25
ed91bd814,48
7a6ba7fc8,68
5b646246a,43
fe75697b0,4
a7eb19305,43
20563ebbc,67
9c1fca4fe,103
0a825b67a,49
cac4474ff,24
30d9b6204,73
cb4330abd,67
2acaabdf6,4
d0bd30dd2,82
8a904fdea,103
8eff39ec2,4
f68529efb,4
74cb419cb,41
d5e4303b9,48
165ca8a81,59
467a87b6e,4
e15365337,95
6d75535dd,11
1ac744f9f,40
b41fe0aae,82
40c67cca4,47
0f58c281a,46
48b580700,67
b1fd7a2a2,62
0fd1b5059,67
3088361cd,53
1749a6a95,0
dd7f0f72d,86
e0f242a92,50
e9a190503,12
c2a78ef27,48
832bbc430,4
501396f2e,53
79bf0f076,6
1c8c53577,0
0210ba20b,49
5ff71b40e,91
f458034d1,50
973cdaffe,5
cfe74bfdf,103
49f2ca2d6,13
a77db045e,2
4f756f230,51
ff02d53d8,102
8b2940362,67
7d5a95675,73
6143c21f2,73
d34ac237a,33
3ca06eba6,25
df4ae0415,67
8253629c8,49
d8136729e,80
d779dbe77,47
a6ff6f81a,41
d0989eec5,4
af6ccfeca,91
517ed388b,67
8e07336d7,47
53cc94634,83
656c8e1a0,67
600693e8f,29
18b1c8787,29
7af25ae57,102
a9eaae137,21
c548502c7,24
4415b68f2,80
ce434f86b,91
b2662c86e,89
ddc1eacff,0
83bb94c90,52
015a601e3,15
4cf4ac658,82
3a9ac1cd1,49
9f5dfd81d,103
6016dd857,67
6896b5c5a,73
b6203cd3a,48
143e26686,6
fd33b68d1,68
22bca0aa8,47
d539aadae,29
ad153ca7d,75
7182235fe,67
6fb943b8a,103
c61f34131,73
c95269a6c,48
e43587721,49
053198ea7,75
5a330e7b3,86
5622bbc0c,68
009216487,48
346d6fc1c,43
2669b2dde,75
11bc7f078,12
46d095eda,47
c964a7aa9,49
7db868b36,82
92da88798,102
1ac65f43b,41
924218498,53
beb9f80e6,103
bd4f8c863,68
ba49d2dda,102
8e92c9811,81
6aa485643,103
4ffc57a98,87
e2c4e9c91,27
934072bf5,53
08bee6dbf,37
d5400cc1e,100
ce824d546,76
c1f89f237,49
5f4162c42,103
e8226fb9c,14
7edbf1ca8,73
9a9255c3d,14
1c88f1550,67
9617ba69c,103
c010973b8,89
46017b3ea,4
d14901985,4
5eb03fbd3,67
57ff5b255,0
abe2e74a6,4
ef21b581b,70
fa434878b,4
74bcea93f,67
33aacd395,47
adadd8f7c,80
3f3280fd7,67
536be8fe7,88
1f65738b8,51
afe70f1d8,87
72d528c13,28
8918114fb,90
56a02070d,50
630773b7f,69
057d2b6d4,58
9174ed35c,50
9efbbd641,68
330ca12c5,94
498de5a90,47
3dff55658,8
805d8722f,80
29f49cd83,82
b84a40e10,73
3cf28a050,73
2c9e28482,90
923e37397,67
d78b3b629,83
bfe43d44a,12
854453303,49
a41d29902,103
0d48d68af,30
0e538051c,4
856717f8b,4
121fbeff6,81
064d949d6,44
bf195e5c1,48
9d96a6d82,53
42cc20908,71
8b7a73f76,53
1134b4a4b,102
e21d2982a,88
14519334a,79
5287898d3,25
f1f288bd8,97
4a6513e63,49
3a44b1b54,74
f90f6d589,103
e9cf75605,103
30df475fe,103
ff37e4d13,26
f229ebf45,80
53d90c2cf,77
20be2b5b5,55
64c056f47,49
ef40d788a,68
b260d939d,53
8e90cbc5e,29
a2b22b6cf,80
18c42b6b8,4
67b0d01ea,49
9989acdc6,102
6a8de3c09,90
8fb591dd9,25
301315f25,47
71149a63d,67
a0301d0e5,68
d495d29df,89
405bb5363,103
515ccfe7d,13
57b90f0d7,76
5c9aadf3b,89
bdbec7ef5,86
be75bee29,47
f9096c83a,103
21191d2da,73
0dce2cb5c,16
a29695033,48
8fa62ef13,103
6d0419afe,26
fac66356f,101
b74047d71,97
49c1a8313,73
5608c05be,67
465605e5b,65
9bb756baf,103
232a50a3a,5
52c27c7e0,96
12b630964,28
1151a0d22,46
84412137d,53
145628804,52
f6dfa3eaa,67
8d0b21b05,91
a0ebf07d0,39
6386c2d78,0
d17630e6e,48
d1edcd33e,70
a19239dbe,75
6a1072588,67
ca256fab6,0
967f27ca5,91
911ecfaec,69
0be920d76,29
e82201f68,53
bdb951b2e,11
af511f5d0,17
77aa8505f,0
6569b16eb,76
4efdca978,75
fec748ff7,49
eb83e32a8,73
563ee45dc,83
fbfb8db0b,4
e8bf3b5ec,10
8e8259669,103
8a4c6a3e0,11
a1dfe6e17,103
39e2183ff,8
4232febfa,46
278e6c9fc,9
51eb14267,103
92d062d8d,30
976e6375e,78
82aa265b0,62
44ad68c26,4
bed5ebc31,84
ad7707082,48
4afa6c98e,77
704dfd7e8,86
fcc54c894,73
151cd8478,82
030364f27,41
f9731b808,102
d2e37916f,4
083109f62,49
5e84a449b,4
83f820e61,21
a4513ca36,102
3ffde4543,48
9cd366371,5
29fd845c1,28
0395f93d8,94
950c30887,50
3474e728f,73
21c3d4a53,79
a6ef2c9ab,49
495e8216f,71
ddc839a0f,82
c50fdc486,56
c0825b4f8,74
9f905ae2b,51
be30d241b,67
57f693d04,48
946ef4894,4
eb0f37d39,83
537f3aa34,86
4d7e7b6cd,76
c3af619d3,0
e788cdf9b,56
82a37e873,71
21a5f41f7,4
8592e5ece,73
e830a4d93,29
031a7c19c,0
2586669bc,48
f99c51769,53
691ff0015,87
1218dabe7,52
95ab27ba4,67
90bd4a9cf,67
789e8506b,76
a016dd653,68
e7638c0a5,103
46d056d14,8
36112c4bd,67
2575123f6,67
3d087513e,0
b8a90ad87,62
10101e982,67
96d8b0c1d,67
65a3a7b6d,30
35b89eb8c,73
ea755b7f6,39
5dac2f949,41
56cafc1c8,14
738af3f29,67
09cec0e8a,45
18d6844a0,53
a11aaec4d,12
f0f2f3e0b,4
a3a17500a,14
597ea383e,48
ea36e1b93,75
131ea4f52,49
7a9de4b35,67
9d38f1232,10
88621ac35,83
64213e873,0
aa32d1bac,32
9304e605c,13
8e2bff6c6,52
18ed42876,71
b45121ff1,48
0d6befa42,9
19b046852,103
693fd2ef4,47
06a271f97,4
e56916c4c,49
f0da19dfd,79
34d222c51,75
071eaaad4,90
a9855f136,4
c86cce658,103
33ee9899d,67
fc13d942e,4
d2cd8b9fe,74
31ee17f77,49
ab3bcad5b,73
323884b26,79
139aad8b2,39
c0e7198e2,58
67dbffd24,45
51d113f3a,77
618ded9bc,99
cb3ba4df2,50
99617ebe0,23
8d808a07b,53
c2c5a8cc9,7
550290aaa,13
45a842008,64
acf17fceb,103
91b8321dd,103
84fc77fbd,50
c2d849108,82
116b7f1b1,67
37090107a,45
2d0752813,89
ca82d5eb3,103
997575057,47
b784d7a07,83
03091fb7a,49
a2aa2199a,66
5c2b3adde,71
0fc91f469,53
c8aa236c5,49
5f0542bfc,91
1d149bccd,13
0ac2378b9,19
cf95485eb,53
46ccb6bd3,67
ec09668c7,12
d09afd3b0,77
7302be7da,47
10dee0305,5
2a7c1dbf3,4
8df7f4638,103
0124e277f,52
dc370d0dd,53
ce5f6dcef,87
c144ae440,103
f8221646b,49
2e3fc37e5,4
4f037af7f,49
358e5478e,4
744730d4a,14
1c1daa6da,46
68caf79b9,75
29bd0c56d,51
81aae2d9e,73
a9b1f63d0,4
218676c6c,90
cb297624d,91
ed219c7f8,25
7271d34ab,1
408fc944b,36
3271ed094,103
fd2bd5f1e,103
ea8dfdeb3,67
fab2df372,30
07ce81250,57
99c05f8d5,56
2ad78f9c2,48
4565dbe4c,57
91b98c869,69
31dae2136,8
60ba7e522,53
95a6fdac6,50
45e6036ff,53
101970f4e,73
ab99925c9,53
2184fa6f2,8
9a2fc15d3,28
71a787fb9,12
a2f66236c,73
c615baaa2,92
ac7c6ce37,12
664e5c977,17
c1c4b2105,48
60c40b083,49
d9111ad4b,75
1d8f28be5,103
68b41d014,81
c9e27d0e3,49
75eca83b3,103
f0efb6c04,48
654ee7e46,46
4c4c216fb,8
e7571886a,4
d814f470b,46
4ac812558,49
6c269a2b9,67
00856dfa9,82
f0a66df4c,103
3987e3d8c,95
a6e627c10,4
967c6bf80,4
73f18defc,93
7b566ed00,103
9e9f2f914,4
d16d34784,67
9732ad4dc,5
3cbacf373,103
bbc846996,46
4b4d2a0b9,72
9faca65ce,77
2b7cf3253,14
648d6e1c9,49
65d4e9994,77
6ab2a7198,80
55b323b0c,37
4dfdf7a8c,98
0f25f79f8,67
4a5d43a96,49
0087eeefc,89
c1ed4ef6e,0
ed601a04f,13
a68584f39,103
298cf5bb5,48
dc0f9b59d,11
9caf3507d,46
7b7cce651,13
35aa8898b,91
f40dffb83,65
edc3e9332,97
74c97189e,73
6baede1f3,77
6f50f7647,73
dfd66382a,75
39090147b,46
39c56af7c,62
a6105941f,74
35faa30eb,88
ca875ed6d,0
74c86dc94,55
aa6a116bf,17
0de5f6578,43
5aeca7ba2,72
c511b01f1,73
d2dc27a1c,68
c16dd6692,43
c36b30d62,49
a8c934e35,4
c39bb3b9f,47
8f029f975,18
6aa4095a3,59
6201345ad,53
b4f324422,4
2e36d4f93,49
0f340c3cf,79
ce7f9e0a0,8
ba9e2d304,10
b4eb26098,69
23b33fd15,103
aeb2bab6c,87
9eea9316b,67
7c1a6e1f0,72
7775f87f5,16
ab8add1c1,77
7d7b3950b,25
ac114952e,73
455c7b67d,50
d8ca58a4c,36
2a98afbbb,29
5b69d3121,73
c323bee87,28
c18fddc3d,28
ee705e49b,29
7bed881d2,71
c9dcff9ef,74
657a4ea19,46
8a428ab24,55
23ee9f44b,82
266776fdd,49
89e7620ff,48
3a49d5a25,4
25a24e8b6,61
1474acef0,30
2080c5234,71
f4db33d12,48
39f2c9f4a,47
f6f80e6cd,100
0d5832dd0,70
696a13525,53
232ad11f4,80
16f9971d1,48
8fc000b1f,0
6cf44ae8e,88
f8db20c1f,73
aa4f36f71,77
54296cd42,88
ee41c42cc,68
551f3af3f,48
a673ada99,53
6aefb94a6,97
99263d818,50
efe50806b,67
9d77e8b46,74
57fb229ad,75
8872018f5,21
7f8e636bd,60
bf711d50c,56
db49060ae,67
5aab08428,67
07184caac,102
694b396d4,0
c987ff810,103
01ce7d2df,12
37525f380,68
304631d59,49
61fab76c9,75
bda439192,50
4ba73aa49,4
85312fab3,14
e696c6605,13
2f1f2d1d0,81
dc405fd04,73
8fd2c007f,14
817ab4ca5,90
ad62f8d41,53
8664c38e5,21
a12ed8ec5,73
d1292ab63,14
f2419f856,53
ed0b0e088,83
d829aea86,49
2bf04d18b,71
aa6a6c73d,67
3665f35e2,65
02378eeef,10
537f040bd,4
640bd467f,103
8f2f9d451,45
07f10b39f,70
0721c0bc0,53
e9483b3b2,71
db04d5ac6,103
9fc9b533d,67
bea291a1b,27
88d492231,0
f99cc22d6,4
019df649f,28
7fcbcdc02,58
f9acd27a7,4
e6223db31,7
9be084d41,21
077e33f0c,89
233db9b4b,20
fc836e711,4
b631d859f,71
70498b302,49
3d199ab7c,33
9b353319d,73
a9c9495ff,48
55e0035e3,50
c8c7e71fb,103
b605cac2f,88
cdbac498f,4
b91c00f4b,102
9aa3662af,67
74ee51f2f,67
cea4d818e,73
284bb203a,14
0251a7082,4
b382faa85,73
0b75f1f48,14
8c7a3ac06,56
226a4258e,41
2013e7b99,10
13452bf5e,46
d4f431dda,78
9a9c151f2,4
6c1a05ed1,87
4cc87897b,95
ccf5f3de8,47
9f69713aa,5
7a011cb30,103
25691eb59,28
9b8345ded,0
aa9279a0d,103
3ceb3dfc0,88
662f45b2d,4
06c56276e,81
a599e44b9,14
184b78ad0,67
ae9a70845,0
eaeacfabd,0
73749e7e2,53
cc3b595bc,70
57d3813ab,14
6e93d8d18,49
1037cd266,53
491a37339,16
80ec46d31,49
40fe28512,79
6ecd0b17f,47
fc7362a16,67
1461713ad,4
e394b0931,76
058cebd78,49
40233a112,46
3b0daf5b9,103
1fb1edaca,75
e1da2a9a7,12
6463c47d1,53
fd33eec2e,68
68a81ce4f,18
841a4bd7b,77
cf1fb187a,67
6025abd59,95
a2b4482dc,45
464b3976a,52
e0a576d7f,10
35b66a46d,76
3be948614,7
f6e02f90d,34
d1a2458d7,67
66df2d548,67
2dc55fb57,103
a62dba9de,103
26ee00728,2
e6e68b7da,47
6b3c00c84,93
147d79f8a,13
64dba18d7,0
11cd8f57a,92
be75d9856,67
0bdbc4859,48
56697962e,47
fd25ed5d2,93
47611c7b0,14
daa767533,82
6a6689958,41
683e58330,60
118a60f12,87
f39ff7ba2,103
a8338c626,102
dbb2bf69b,30
1cdfd8172,103
f21ab1aa2,4
99f271a51,1
fb93c4c46,97
67556ec2a,49
1d762bf2b,4
505472dd2,68
bfdd4162d,76
8faa5deef,39
07b2feecb,76
08770c1d1,53
676bac625,69
68596af51,47
cfe6b80bf,68
2b3d7a7da,25
9a3fa2c38,30
bd8830a6d,73
7cd4cc27f,24
837a91c2e,49
bead374cb,57
2f4a6e151,47
a564e4f51,29
8a6ff36a7,102
52189b48a,11
ebf692344,4
bb4688502,62
9cf28dce1,103
dbc26a259,0
1a5b47e16,4
7a660b9f6,53
f05946c39,91
8e298b272,73
da5d0dbcc,55
25d63647b,47
2858fae7c,72
fca2f698a,8
e416c112a,73
2bed40346,103
664bad216,4
6cd33c3ac,4
9a411636d,77
c563c699e,102
873590360,75
07718a208,73
88d3afe93,53
abd018788,36
07e4f36cd,94
e046fb456,4
8005ccb52,90
1d6fbd789,47
5ea36cf54,36
8012c6779,68
997262689,48
cd29fcb6b,77
ad74613c8,80
7d32579d5,103
0ea779a14,74
f2cfe18dd,21
6ea2b0e7d,67
3f4d7610c,102
869035e2d,68
5bc1503a0,71
c4c67ba42,96
656ea8ca7,53
08302b7a3,21
003b89961,49
55603d86c,71
52232fe3f,49
5607b2020,39
964412965,67
04ec1f692,67
577136af2,46
684a48f58,68
26444f504,4
4fc55f7bb,5
c01254e45,87
7723a9059,5
0b027c740,29
ad0d1c07b,13
8ad5daf80,75
a4c653f29,46
bcbc0ec93,8
b2d223ece,53
b72fe5b8d,29
ec7f6d106,102
a3d0ecd9e,103
4c613566a,93
e9a53e9fa,72
aae8b6cb7,100
f281ef28e,103
b80e5bddf,67
91275fda4,5
98038f676,76
54419838d,53
3b6e604d2,67
79f689862,75
5d171dcf7,102
7cc00d3bf,67
2bb868394,99
4a30cdae9,0
202eabfc4,13
075d6bb86,71
847402c34,93
24d5596ef,13
2cc73c0c9,67
a0bdfb2d3,71
0c8abe310,9
5ea428031,89
3919d8ac5,56
9cd6277d4,101
5e003d916,48
baa4deee5,67
eaa8b622b,102
2bd2ebfa9,68
0a8a36c25,102
fac4230e7,43
4c91c2a8a,49
4698789b6,45
d9268cb57,96
6ef0b83d0,61
9f3fabc70,47
82316b58b,45
ff2804289,47
cfc106ac3,67
c2b3daa2a,25
654504abb,67
465fca558,87
2c7ce5049,49
63e2e3e4f,103
ed087f460,71
298ade3a4,49
aeb67eefb,52
2213dd7ad,73
edecaff0a,67
37e16acde,75
054412f7e,55
1548838d2,48
5ac870ba2,8
bb0b9304e,102
d97215599,13
034ef87a4,14
416e24d42,13
0394a004e,75
abed810c6,94
e1e7f8c61,103
f85a5ee9a,74
6b82e86e7,68
6557acff6,94
dd20b2594,62
35cb5e3c3,72
9d56168f2,4
a0e86b0b1,21
50bb7de2d,4
d4ae8d14a,46
6485b01ac,4
78f6357bc,50
e5ee0be59,73
ce53cea31,72
8459de1be,87
4e792387e,27
7504b36cf,103
7c8c55147,102
241202d64,72
ca96ff636,66
5a68d7893,8
b4d954bdc,80
d97f377fe,10
5e802f360,83
301054988,49
bb0e5dbe4,30
78f5768d9,49
2d0fa50dd,25
457ef8195,67
a7046c744,53
85934f1fd,73
7b9220d4c,39
6823dfca4,103
0cb8a264e,75
6ff58f465,103
f5ce3d423,102
7fdb7247e,47
1c92e2b89,7
6abf7f144,51
135359fe2,29
b319ff6ce,101
3496823c5,4
906121480,86
40bf06f20,4
87a338501,100
624d13949,48
67714a8d8,67
4d761f97e,29
4994522d9,53
a5988f75e,7
cb3ffeb02,37
b9231d9bd,94
795083f79,4
5cd55d54a,0
05a32258d,76
bea75c9d9,18
4955fcb53,30
f2d476916,45
778c53136,73
494e86d83,83
d5628d4df,8
e96b3436b,24
5a33b53eb,49
e1bcbc106,5
4d14ae692,48
f95b41656,53
edad0d3ee,75
a0b262e40,12
5c1b0f7ce,4
1f7554862,73
4bd6a1f9a,103
df88a9d81,102
e60d19647,79
7d6a2ef07,94
5a80d4beb,7
eed32e9a6,77
653ee9b0b,4
36a261537,9
8cc1fc2f6,86
6b132a6ca,48
14453eb64,64
347c449c8,79
38331a6e7,103
398744450,90
768bf1fe7,39
20e16a0b1,78
7247cc6b3,4
c36c6ab5a,67
5ba637a6f,73
e41a75354,16
1b4beb2ee,77
3d7e6922e,26
e3beb7e77,7
473db5fc1,102
4fd8099de,45
706729fd6,86
bd612f053,4
707178bf0,86
d123bd691,36
a40c5b66d,49
0bc95b595,4
1fa3035ed,73
973172c57,102
d55497abb,13
f98f94bac,51
1beb08caf,77
a1e81894c,67
98320c076,39
268c2e415,82
bc62cedd8,14
b796fe951,49
52178db26,29
f2a97a3bf,67
1344e985d,41
027ff9d9e,83
6d00d0707,76
661e5ee1c,103
87ad47626,49
e2ef28251,67
e8a5b6337,103
90db97153,103
0a5f90dd1,48
41eb38ad4,59
339153138,53
b507ebc7c,88
40daf3243,14
3e7922328,21
bbce1172c,67
100c6474a,43
83a004123,4
c63f5d38c,73
61d566521,14
e4e16eb70,4
967133383,61
54454ed83,43
1aebb60d1,1
c3ecbced7,83
3bfb94587,94
ddbf2eac2,103
cbbe148a1,93
29d87bc0c,5
605131c3a,41
82dd63dbb,47
f314ed416,103
50fe6ebcd,67
08a7d77fa,98
d445b47b7,78
a97f64861,16
0ac5ebf0e,88
fc4486b5e,82
4500b8a44,75
8899c2050,13
98de1be5f,4
5629fc992,73
7f9351c2d,49
4ddf168de,29
d31117d38,67
5c5a534e3,96
2623d36fe,27
d0ee253f0,67
906ed5d8d,10
5d4d774bb,49
8b4b27e9e,48
dcf4672c6,67
ae2b1bed4,97
56bb538b2,1
1837b91e3,87
48fb56f39,102
bd1dbe4ca,53
48b37a43a,4
1336ca52d,41
99776d4df,79
661307d74,48
35311eba4,91
a8ba067d1,77
8fa8ee1c5,21
d39b5658a,91
546744090,49
370c2501b,47
ac1156cb1,88
89bce4769,30
d982b80ea,0
5398f55f4,73
65bd3368a,38
bf85f6b58,0
502aa0fed,41
06bfec1b7,4
b2a96e09a,13
9e7060f60,77
632b5d37e,67
230b4a95d,43
2b1ceb24c,83
3da1159fc,43
567e64f51,16
e43b134a9,59
270665eaa,67
5245d1288,70
7afcf9660,103
9a1d5df73,103
b8fd3b2f7,102
c80ef2e31,80
98bb92c1e,103
eba77622f,30
e2e96c56a,72
e3c6e720d,14
fd704758e,4
961163819,4
945155e8b,13
75a50917b,48
b106e1623,90
70f9d13b9,103
597beba89,10
6449727d1,17
54a1667e9,21
51e3f656c,40
625ea352f,15
dba16733f,8
e70be746d,67
0556575d8,94
9e7a1bca6,70
3b58e0b0b,14
cffa0410e,53
8d1bc9b54,18
749b744a4,47
2cba09f03,70
69a3de639,76
6cc34f6c3,46
a2d5f3e8b,48
ea0d2354f,73
07803a6a2,62
355abfa16,48
a0add49a2,13
b9ba7799e,13
3920794fb,51
813ba4348,28
7c9f01509,4
311799a0e,48
4575d8130,103
c96b560a3,47
8556f75dd,5
088b35ed1,75
464b2b309,53
cf9cf9368,73
6e60eef45,67
5e76ba18f,69
3d9c51d3d,53
9067fb1fe,35
a2ca3206f,48
687997bb5,91
3569ab6df,51
c41a4be65,75
c779948c7,93
8b23979a5,63
0476b626a,41
d02a2fd8f,75
5b1353d71,69
ce6b42efc,53
fa05f57cd,4
6bc102ec4,73
62d2aaf89,72
033c8773d,72
61f07f2d3,48
8ad63bcf2,71
2984c04e1,8
9015e43c5,68
048fe3ca8,75
c515db368,48
a334e573b,101
d59fc6634,91
c080ec831,45
e0f2a0864,103
dcb79c93a,102
3232d6f56,13
afbdbbf2b,48
a3c091760,57
9c8dc2ba1,76
e8978b192,0
7f5e3f4d8,74
8b01cbd62,4
6c925a18a,89
256e89fc6,85
82f95de55,4
c2a609ae7,103
fc2199013,7
a8ec16428,25
801b2e0b5,75
2c2ffb258,79
75b41a741,4
0feb4e2ef,71
357b3b1d3,58
da4c0be52,68
8960bdc5f,82
4ca32d7d8,68
59b2a320d,93
5dcad39ff,41
d56f1eaf5,38
f1641e325,47
a46582e86,81
8b7fbfa1a,0
760a844a4,75
856a55f6b,87
cd503942f,55
2103e7549,90
5285b9c84,0
5675c2ee7,50
dd8b1aaca,88
8bb630662,70
5382ac6d9,14
a0dbd84e8,103
6cc8bfcf1,8
ea86d7b46,72
2939aa5df,40
9eeefb070,10
22c98bd18,49
a74852f37,0
af669d8e8,103
42ec55913,55
96e4b2ef0,100
2e0bc183b,87
691acc46f,53
4f5a0a2a6,67
d70ee220d,5
dd103a297,14
8bc85ca8d,10
31f2e5155,86
c06c7ca88,46
7fc947bde,45
14057210c,49
b5f49135b,103
33332272e,103
bbd3eba7d,103
24c202e61,45
2d64f0901,14
3b7f6b220,103
9d0d80d6d,4
56f31776d,67
df17daf47,83
c74e100ff,47
341b65192,86
e3b70ca71,35
7668e5204,103
6fed43511,67
41716e097,49
ba782cc48,48
706aa9df2,102
16b341509,43
1cccba04f,46
378c2a70e,77
a855179f9,93
79423d8e8,88
532c117fc,87
a3d0a07a8,73
10e3859fc,8
939f715cf,53
ebc1583ce,47
65f299d4d,103
d47eedb46,84
4d5836f7d,0
721301e6b,8
d9eedd469,48
9fc4a402d,70
5172a3da6,96
9856ba8b9,67
3a6847333,48
0c295f0fe,18
e0bf00d7a,67
dc680460e,45
a7d70c4de,76
4fe029378,5
df5392f38,103
5193214a6,48
f3c3215ff,52
05d03cdb2,4
3ee4afec0,95
0c6b189f3,67
3a3274d90,68
e1adf9362,73
d36d163c8,102
5e7372874,97
2451960a2,102
38bc8b746,4
6c0edcf33,76
0a38b5a6f,13
8427d213c,8
a53fc71a1,47
760ce7b43,52
658b73453,21
1fc614660,49
2b9d54083,36
8801493cb,100
4c79f68f0,93
efdc65d2f,86
c9c4ad186,95
709d4aaac,5
938b2ff4f,103
42fbaf02d,103
e8add9fd5,47
74ecc535b,102
76f661311,53
64a087667,80
5e35708ec,73
e690ff8ae,67
757866231,14
e8a1d04f0,103
ad60c3571,50
c7cd71880,77
0281e01e3,9
f5a3fd7b5,49
11e3afa83,103
ff2ebb52f,52
4b2c0659e,0
53f2f97d2,51
af3c7a24b,93
0134f018d,35
aeb6e32ab,83
f21bd29f5,4
fb6d4648a,21
02055dd80,67
1e0d2fb87,59
23a5ec48b,5
ff67d505e,81
2daf558c1,12
a2e59aee8,14
fcebd07c5,67
341eee5b2,21
991b607de,80
6e4e60f69,83
6e979324c,93
5ac5273a9,93
920247fd4,93
37b17ad81,77
23d5c512f,53
e60d33c82,13
85b7e1897,103
25004084c,67
7f19952d4,64
ca1d1d65c,46
48faecd45,77
5e166be69,82
3dd4e386e,28
a21f6d452,49
f26f199fb,81
623b64d19,11
abac36cc0,13
1289609e3,102
9e7925f1b,49
becdc1364,79
48526fccb,53
8361401fa,45
53cfc6586,97
8b2742145,49
111388cb7,31
8f252ecb2,56
91db7053a,78
0542511ad,4
3f3977d40,73
5fff5ccb0,41
6d34e11fc,45
7c856ad41,90
780f371fd,50
15409e0d2,0
2538e0716,14
a2b499115,70
6115fb1ac,88
3cc7863f5,51
4fb5992b3,39
abfe5bd86,99
aedab5dc5,74
12c738d87,73
2841a62a6,57
ed127c922,86
44e4c1b98,67
b5422eec0,48
e5a6a39de,4
eb4dbb060,83
f88592f94,68
dbeef740d,81
c82e8a869,4
50a1849f4,73
c83f746ac,48
1a7463151,65
44a477145,53
6cd161345,4
7dbc5a9f3,103
410d24f09,25
707ccc2fb,73
3e4825fb2,77
d4610121f,45
88d1747a0,83
0d0202522,68
be82bd09f,4
7273b1c6e,67
8d6c7ae91,73
c2bc296b9,102
2e4395110,75
24be941cd,24
5a5e8deec,41
0523c9801,67
d60582d88,17
ad82b1ba6,8
a6dbbc248,64
c78e06bc9,14
7a0cfe114,49
534b7cc36,50
f41d18e37,45
0053fa6c4,86
9aa0562f3,17
a86d3684a,74
63de51e03,70
ef0ffb5dc,14
b3d9e6b6c,4
07283a3e1,103
c429543bc,77
f3d6a27d5,52
6a881ec8b,17
35bb514f0,60
02e2f1ca6,29
45271b9c5,103
3dba2c4ed,22
5b45e7a4c,75
d4ac640c0,7
d3be0d35d,89
6ab138316,8
bca706d7b,88
d4f750507,74
14a69e3ad,9
667c3c161,99
a84815a9f,92
839922a66,53
374c54182,41
746f3dd2b,41
2fc266682,91
fb2b2e956,21
b64ae4e8c,81
b2684281f,53
2178a407e,73
5a00bf031,71
903ae9a2b,43
8a48a97f2,76
e5bc365d0,53
69e822cce,53
2772dab8f,102
f0c153cfd,43
e722a8f86,28
9ce1a30b6,21
dbff359cb,75
1fe3921d9,103
4f49753d3,103
1cb8e917f,14
58ede4d43,52
2c4213574,24
d83b8cc1f,96
861f2c9c1,67
e94327a54,95
15ec03f5e,102
e1d159561,93
eda9f61b8,103
15ca2c59d,81
649dd8ff0,47
808071b96,71
cb26ab8e1,73
c1c26f4ec,62
f557afe91,80
840f3bd46,74
0d0b4631c,73
8c7c3dbb2,48
9de211ea5,9
0b1605a22,47
a853842c0,57
582dd5eb1,77
3655fe917,73
aff590876,47
c8ff3649a,38
487fc089f,87
88f935ebe,73
89085d10b,102
3a456593e,52
8735b4ed7,49
8d4ecada4,79
946f97527,103
3b6e2c5c2,51
8fc8e6925,87
aec05dfaf,67
f8d2fe6e2,45
b5ac11272,41
5bd9a3483,60
92025e489,48
9360afb8b,24
1e91a06c4,53
ae2864464,88
350c32674,60
b7ff1634e,14
5a4014213,45
e1f45be9f,14
bce37c882,13
9c477d377,92
976379adf,4
93f493575,48
719aed16d,78
8924dae8a,53
16e7f18d3,30
34baaa6cb,101
509741eb1,67
67810173a,4
f1b4ba5bf,73
829bcc49e,29
a810efddc,58
16810b3aa,16
e6171fa85,47
155c1e966,83
37fdec841,75
bc83dd474,34
5134a2245,103
5ab25460a,14
f3c88b910,74
8c0995d82,7
401730197,4
7046567c4,77
f94013d99,80
9881c6363,48
641ae8aa0,68
2313d0e1c,45
bdccd8d94,53
7bfaa6c93,83
ba2d603c3,91
46ef787fb,36
ccc54a4f5,53
ee83eaa8f,84
7eb7812ba,4
afcddfdcd,87
c6cd3ac47,75
136b3c7b2,57
f2aefc6cf,93
eb7854187,45
39e40cdd6,4
ce136eb7d,0
857250508,50
372ad684a,8
d0b1e24e9,77
8260f8641,87
dfb7f1e61,43
b034c82ce,80
e635de77c,75
4bbb6638f,29
a08ff3c7d,39
be953b60e,102
f50873a8c,42
960fe3fd2,48
1162b2c5f,95
a134c5401,86
f6610b1d4,56
c84ce54d5,46
4641d6c81,68
c43ae531d,103
7f5d5cb8f,21
3ad3208cd,103
d5b91872e,83
9c1ca344c,98
95e3375ca,4
44d707daf,14
bb5a3fd92,7
e16606faf,59
3239f2f66,93
052e7f031,67
6a1a8e17d,96
55c59324a,4
40b3c6e51,96
24ca41300,5
a430b437c,4
ac32140ca,14
9de01514f,0
50a98363f,74
33b3a9955,68
ec357f612,68
1f631a7a8,102
b95364dd0,13
69040ec2c,48
03edb6308,71
94269c190,73
2c6c478d1,67
b09f6318c,37
f18412796,0
7c23c9246,70
ba635bb61,9
d228d4fca,72
b0bde1b03,61
0a71ab4c3,50
2fa4ca1db,41
8e390cb4a,43
2c6e87c72,94
6bfc6b8f6,71
61ef56738,71
b70f99706,36
22be03235,47
d12204c77,20
7777e7e44,41
a9cfe91af,79
fb094c9bc,81
a1eee5a29,72
88a7e7bcc,88
147c34f21,39
ab06cb3c9,1
dba8e8e9b,85
ecaaa5ac1,49
94bd779c3,53
6d61341a8,75
d637980a2,45
a0e82c1b1,100
1b0a08a16,48
3e1727f79,102
ffe68f250,93
cdf877752,102
519f5b078,75
096e3e1fd,87
918ea59ba,73
3076e7608,7
5cdbf8228,88
b632c0a2e,28
adc3d214d,16
c2d0ff1e1,4
6760a8b60,59
1b2d48186,16
ee2ee5186,87
3dba87b2f,102
e57ba8f31,8
4b57c7aaa,73
95f734b2e,53
040684077,41
80d468ca4,73
8d9213283,72
8dbc94744,41
f441c7185,28
7e6854001,49
5fa624040,67
981687c64,8
71273ba15,75
8d2997526,91
352a2c45f,82
5681077fa,49
43ac410fd,75
5184d47b8,41
a0f7fea74,64
dfb75caba,7
d1b3aaf63,86
25e91d523,78
7894b3f5a,41
acaf761d0,95
3625c81e9,67
5826bc1ee,29
48c00c048,45
6229791d1,103
2545ad929,42
02434c828,41
1711fd57d,68
77a6613b2,77
6c3ecb861,14
34c4cf37e,35
abddbf3d0,4
5d796ff7a,46
dafe76eea,93
b882b8bd8,103
97947bb82,53
c72964068,102
38b394064,78
eb66fce7b,14
adbd3dcf6,24
2690d9568,45
bea8158b9,72
c28a33596,42
e12b35292,55
d96c3a358,71
871699e5b,49
5e01e9489,68
6e045ef23,75
bcad89a07,75
f1b2738d0,17
931e94184,47
6f25bec48,43
d28fc9f29,67
c9efb9d66,49
010c5d8fa,4
0e675095e,24
49f22c2e5,53
9ff246fe6,73
34c97f64c,97
f37a76430,30
3294f5eb0,24
55a7e02a2,67
a23d903c3,103
622301a2e,103
58c90fc33,53
08710eaac,49
be7a473f4,45
49601a7ba,86
de06ff6f7,82
28b08d407,49
09c2d54ec,56
1aefb1a74,4
89fb3d0d3,87
dac6805a7,93
a85e27a09,51
166cc9d99,0
95ca52d65,49
6b8f11ae1,87
8198687fe,16
41dddedd7,52
22915105d,63
f0f900bec,86
5155022aa,5
ad82ed1ea,94
c25b13b1d,103
8df2a19b0,53
0be81ab06,72
26844c8f3,73
63c3945db,73
a94695f27,51
52eae9528,95
45c144250,8
2d40a8e47,81
0543d5d92,103
6f229cb58,4
30b4b7aea,75
c7cdff2f2,50
afdba6c0f,46
7a538b99e,24
c1573a6be,102
0c76a33ad,74
a388602fe,83
1fadcbda5,78
dd14b70c4,102
f0bdd22d9,87
aa2b95145,73
d56664e9d,75
94a240084,33
e4c0f1e32,103
93f0dd7cc,75
669487461,82
5b1f12738,102
d4362cb73,103
1507fc4a8,48
a2e477d6f,102
ce2745e96,82
21608cb5b,14
b601d9f8e,28
1081dc395,64
ca865c4b0,40
55683854c,57
17c2e1b73,48
2b07811fb,52
2da61d102,64
79cb3514c,73
c87bbe155,47
228540138,30
b32d80296,79
dc4a5c985,53
0963e2956,24
4d8257f18,71
495523f05,28
14fe67e77,75
3e3942656,87
26f14822a,29
70d37d23f,80
fd6b80e18,89
383ce35cc,74
7790e656a,23
b0b810f90,47
ed0204f22,47
a8e6d30e2,4
ebe718ae0,52
abb27a80c,28
e4bd15b11,74
467d1a4a4,81
7d0e16879,4
16c791a6f,102
6c2ce6d90,48
8f7dafef1,103
9123fc9c8,0
85d30d942,48
6dc1a03ed,73
45610320d,7
914b0e71b,93
b30ac7015,18
e83500196,4
74d672d39,43
6a9dcc24b,75
e9471b958,76
218e61006,71
f9de43fb7,46
ca1095668,80
fb532209f,46
a1b4dc452,91
486248544,4
6c14532cd,72
0b061eae3,67
b545ede10,74
6820bdfb3,67
eb71bcdf2,14
4c6264df6,73
22a46a27e,71
dbb703916,5
5f1a08959,21
fcd2cb7e0,49
db09a299b,49
2a0a2ea23,103
6d48de3df,49
7e3369c19,49
1cd461407,1
1ef426390,4
ac8d33b0e,103
a859410aa,73
3522d5b4e,96
aaa580243,82
0c79ae44d,102
9fe27bb58,67
c1f18cb5d,49
01cf43e0a,80
04a7a4f50,70
5b0a35493,102
83714b580,53
aa070417f,86
a256f13ff,67
bd8139bb7,4
87020b1ce,73
b61f62d90,53
710a380e2,103
92c33e670,67
8d5494b6f,53
32b46db46,29
1a96992d9,67
28fa2b3c8,87
369693f04,69
c099603ac,14
b9b1f27a7,87
5413350ec,91
282dca22f,47
6cadad337,14
13fdfe24d,75
7de7343c3,93
0679c1097,67
653443f38,93
0e9e5a0f0,75
896467495,70
57f357144,93
fb9520cef,93
a8740586a,4
20a48922b,41
f0ca69363,25
d6a1ca6e7,21
e00aa2535,0
dbe581aa8,8
09ddc01cb,103
f7f17ae72,54
78d30a479,78
624d36ae0,52
377b22380,4
e826a5f20,21
f90aea0fd,95
715ed2e29,69
2688859c7,41
4df899e46,102
977a23c97,91
a038cdfb1,103
e774787e4,57
723403f38,35
535695fe2,53
2f0b8155a,50
74bb3e711,14
14ad22971,71
956392eb6,73
360538bb1,94
c49cb046d,93
c3c4ea291,27
a4541b8d1,103
e0b80caf4,90
ee2886544,53
d0570b30f,89
2d8c06a3a,0
ce06ee7c4,72
6f845c04e,68
2c69b633a,49
e3ce14f38,48
d0bb3317d,36
0de25d05e,90
3c87fdc0f,53
3eee745a9,49
28bab70cd,94
10950efeb,8
a473f26bc,103
d37745aae,99
bd6862590,47
a6c8a28d6,67
4b648670f,72
d1993c898,67
f6820c410,91
68b3481c2,80
fc8af9bd9,85
894954440,87
d94097494,41
ff5892e0a,23
5d3cac88b,75
288d4365e,75
7b1267e49,25
a1cce28af,52
3224015a6,67
5771f876a,49
fd34d7c8b,0
d169dad5d,71
150643baf,67
fa53d140b,74
bc199fa70,79
8e1e85931,76
6009ca42c,75
69dcb9a3b,14
111223138,95
3469925a7,0
4b8fe9f3f,72
fb41fa092,22
b3b55322c,80
0d8d7ecde,49
ed55919e7,88
600f01e91,81
0e3f76f4b,53
28dd39f92,47
d0cc62751,46
d5c5cde4d,93
931cd1858,53
33d008671,81
9ec91d6b5,4
e8636b839,49
cb8786391,75
4d0d04ec2,103
688759258,67
275952360,103
478fd662e,13
27178e6d0,39
7c3e5c00d,51
645e0448d,68
5e5672257,91
9fab84e7c,103
db4a05f64,53
9db76cdc8,73
6e0843d38,49
23f960bbc,67
539e41e9d,67
92d56d30f,30
ddb84d9ab,46
4c4a8848a,8
ae5333fa6,70
c624f43f9,41
c77c99cfa,49
b9fb3d0cb,71
8b85ecabc,29
9db94c1aa,79
4d41db87f,67
2bf69c9a8,93
5857637b3,103
978697ad4,103
c9e727ec7,18
fc4e90060,67
4ce9bc001,46
a8bf527dd,77
3db5a2d90,51
d98cbb36f,30
85aeffc62,4
c3d03598b,24
155727e57,73
aaf781d34,1
0bc02eae2,18
30964e186,4
80b87cc06,49
64327e651,46
1a4dc4b2f,103
771b14071,4
e96d15acd,50
19bcd7864,20
eda0c70e5,86
586868059,78
96b039170,21
8d9185540,73
70c95a76c,67
2d17418c3,71
37885d3c0,13
0dd4bac89,103
b78fc427d,83
38235ae21,49
8da1e9ab2,73
9167143fd,46
bd4976820,4
8e59ed760,95
ce028c60d,46
c5fdb2459,49
c1c3919f0,13
359c8a8bf,50
288772300,49
8fbcbbcb5,91
dc53769ad,73
30e522542,0
4b6dff5e4,91
34589c202,103
9b40a0513,41
df3b6edcf,51
9f392cb03,75
539a14033,13
380c9c318,32
63bcdd5bd,21
8212b672a,13
b8741ea9b,100
9b442480c,103
050bb1262,13
e66879b66,103
4bb5dba59,0
1432b2d26,18
d0e47da08,49
bed3cd944,74
2cf6e6419,87
ee23e898a,103
a5d301249,74
3294a097e,13
d23336d37,79
dd88fcaa1,53
6a1f788d6,10
64f0cfc26,64
f00ba69b7,28
87a37b4cd,47
2d54b796a,4
087d3bbf0,13
8776e1949,49
d14a0c9d2,4
6d7138997,4
aeefaa66b,97
6a8422b82,103
10bd19c33,69
24ee77db7,48
afa2ae498,9
1d8ca740a,17
68039396c,75
fe3642b3d,48
adacbebc1,90
0dda08338,4
ca19d9909,73
78d30851d,72
1f8e21c54,49
5e6e5030a,56
8bcc6b0a2,53
e42b8cc4b,5
aab7f897d,75
03f8a7638,48
0313b9d4d,71
59c2eeeb0,53
f9b4d0e4a,12
5998b063c,103
f7da480ea,53
1d145016f,0
a05706206,102
e60c3bf54,51
7315d2e99,82
404661213,46
317d04297,22
9e4e812df,5
625a9dbf0,102
eef64c945,93
caa9982e3,69
64144b5a7,80
9d7baffae,4
465acfa7f,56
e1d48d997,49
0ab78aa76,48
bcd277266,4
8876c6402,67
0cc1eccf5,5
f04b99dcf,73
4b9e61e38,13
7547be627,49
0aa1d9c98,69
d2dc32c18,95
e283e73fc,67
ec9d1154a,75
f0a786428,0
47ac366b7,53
3303a56a6,45
bca8bf0d5,13
cd20c00da,64
6c5cbbdf4,40
a086b2043,12
75c1b1a9f,48
51ccfb7c4,39
6504eee67,4
58e9042e0,71
ab1d26187,21
3d17ca258,91
4ec8b55c7,64
d146e8595,5
cf68a6af8,89
caa580f63,3
431dab6d7,71
ccbe77cf0,73
fcac5a7e5,83
3df11cf29,49
9c158e3c6,103
db63379e2,10
b5253f91a,14
3776f98a8,83
3debf4070,14
0b25964e1,4
e7d7fec7d,59
376134aea,49
f10545931,35
891e42a88,41
cb82723d1,103
4c25aa614,103
1e3e2da00,97
7bae0ab5e,76
9bef7aa96,82
5ed174c75,96
564a0856d,5
4f2196c72,86
e8d0e382a,90
30f515f27,0
04a069392,75
dc39aab6e,55
0713eb9a5,53
0d558f91e,67
bee47a94b,67
6bcdb2495,103
6d711f23b,48
7dea65fa8,0
1c5dacd9f,69
88728f169,92
f8c41bdad,91
4c5a20840,4
1a6e886f2,102
9e60a5b0b,75
d6ded3726,87
0ce2742b7,46
3c22e0a0e,81
68c50e34a,4
25b6d41a2,67
629160ccc,67
664ab3455,21
5885a2c34,74
c4e7f3aff,52
857a39495,103
94d387cd6,53
1b8a45d4d,102
c8cacb55a,83
b48c962e0,25
481c58d57,103
ee6971d20,48
496eaacf5,59
6bced57ba,4
2b7da32fa,5
904f86ba0,39
bf7b19901,7
a7df3f054,53
0afbefa46,72
41e36fab5,73
8935eaabe,103
4863d1e67,85
1c35c04a8,53
855c5dccd,4
7c8007f01,39
7409a08d2,49
5689bcc21,67
3a19e432f,12
f03697dc0,73
7dd683db0,29
62c459f66,93
ceaa96cd6,103
b35d89433,50
5ccfc8dea,4
4a5172bd5,26
55f00c851,90
d5766b84a,4
e611ad6ae,4
86dbae006,52
727d99d68,0
c92cdfeb4,14
1f1d99593,60
e9c29b67d,48
fb83a0899,87
cb02dfd8e,53
414fa5cce,46
7327abf40,29
1fb45cb2b,8
9294f2050,53
46d8e8e19,86
94b493650,53
4884ed7c2,41
2406e977f,49
e09c2b70d,35
994b891a6,53
719e9e88d,50
4f4574478,0
a44826a0e,53
77767dd21,103
cbff5d0c1,48
24bc6b404,102
85e11330f,79
3eba562ed,76
3e043e76d,53
c874dbc71,86
6e3303932,55
cad6a0d66,53
62b5e80ae,67
7e85cac95,90
3d0556ab9,8
d8346f57e,71
ffccd38bb,71
85c84a176,60
c48f8f050,4
480dbd0cb,102
2eaf291d2,14
0c56833c4,103
6a9f813a1,47
e7791dc5d,22
a1ae9344f,13
5c71c2638,48
4bfdec3b4,67
2ce1e0b6a,30
81f2fa04d,50
2c79f3a6b,82
5ee6cb24d,73
fb2895935,67
6c1e0dfda,13
23ea06b99,30
38d113afa,59
3d000dd19,103
ac67924f9,102
90e8d8225,102
fda42498c,4
d1dacf9dd,91
195bacee1,4
ce0668511,53
36da5e9ca,53
7b6d30721,13
da6f46b28,52
8f206287b,48
ca1b7fcd6,19
76dd2577e,93
a3119fa46,87
afd56596f,67
57787a61a,71
cc6a65411,51
77e34e261,4
c0dd27777,41
3f7a7e0d8,96
bbe2e7c64,41
f18556a22,103
cfe404d71,49
7beeb67c3,47
5e69e6a8e,93
1c0c4fa86,8
5e216ec7c,69
5c38776b4,103
0fde7a334,74
441c13b73,73
38b48be78,50
56e37b524,92
402023b27,90
9fcb174b6,53
e2194cc70,67
315d0c65d,53
f985ee0da,53
fb91caf96,7
476283f9c,48
d09882bb8,46
06cf3311a,48
d46919710,70
c96004e94,35
64f9d993b,58
3816dac91,73
a24932259,4
f65475a24,48
d907ca7c0,13
d4ab201b8,10
ed308c95d,30
035f7cb0e,49
38cf8682d,4
117aabfd8,29
2b5d0e5c2,72
b7a8c231f,48
f42d2d722,47
d69a2d62b,53
0d27bbb79,46
099a2107d,41
9924275c7,48
97a7c1e5b,86
bf54b2c66,0
89c87633a,91
b51c9863e,43
03c9840a9,73
a8a8b4261,74
65d1f9b28,69
359625cf3,40
05a947c38,75
fb56bcd7d,73
39e216b40,67
c4081a31e,68
20b97d483,90
4de97f685,59
0a9e05e74,80
36f02d6c2,93
35946cce9,68
38fdf8c81,80
3052916cc,95
b022bab0f,59
202a8996e,18
e2cb25f6e,22
485a5ca01,21
6291210cd,103
26a9dc162,61
e3e51f37a,67
21b24a7fd,12
abd425a9c,101
d53eb8a52,103
72b3fdfe8,67
777ef8066,68
bd9cf6b4e,21
fb8d27d87,80
c9cb86f46,50
df5a78c3d,103
3149540a2,73
274009fa1,40
45162353e,75
58a01b39d,7
cab155898,46
f9618eb56,50
042c90107,74
93100914a,4
1c435d13c,4
60a51b6b7,49
42ce82871,48
1951c5fbe,4
08516fa85,0
f41acf49a,10
b840c68bc,67
bd2e8c9b0,103
71aafc964,53
2861b1d79,58
b63ea2bf3,79
a3d606459,49
c33ac1a9e,4
26bfb56fa,53
5745b1abc,28
9e31cbe3b,67
05ad9d40c,4
4cb8ab033,60
86f4d84a8,30
69239f8e7,13
46656822b,73
4daec49fc,103
49f972c08,0
123a13515,67
afe1e4f66,73
39e73d88c,73
30e68f7e7,71
345f66bc8,13
b0c7165ba,103
720920606,77
33096a299,4
4383d6782,103
f353716f8,77
bc8917394,8
cd053695f,29
132ebe116,0
8afe59d10,53
fb223c3be,73
3f315b0cc,103
de882d4e8,4
7d9caf815,71
400353bac,56
65ad21fda,4
2c009b580,84
8daf31854,45
f61465618,79
003882deb,9
e8746af68,49
8f9a206cd,18
e72d6bcc9,62
c162978be,93
ec40512de,53
53c6c23b1,67
813efb8b3,77
c8c88493b,93
0b8824c7a,24
5228fb3fa,89
7eba030d5,74
27e7900b8,4
a167a159e,50
789f0394a,61
d19fb376e,40
5e56f69f6,72
adad9bef9,93
f01658320,67
6d8ba2cf9,55
2a9af9154,32
7db7456c8,8
006afe0ef,91
93efa8927,67
a425fc6a7,48
bce769fa0,13
7b63ffb33,49
a546be8e9,4
22207b7e5,48
2a5d624ae,67
8b4182aa1,67
8e96d5481,85
2ce2f09d3,4
a6672b875,29
140c059f2,102
5eb156e33,68
16c7a397f,48
e958b63e2,65
f8eb6ec7c,73
423c62bbd,93
6d2e2b6a2,78
2bc5a1d42,67
a11918aa3,49
92c92500a,10
007455d6a,11
acd61abf2,77
9b3779536,80
1157fe26d,77
c7827133b,52
b390e248d,93
cebf5375e,95
fc354c0c0,86
35372e4f4,103
d96704410,80
19e44b02f,21
3c3316506,56
87827d39e,57
ba9fa9f30,49
dd4899180,103
07be81d64,67
b6bc88c1f,58
c58d1fe16,72
b3411ee1d,49
6ebdc31d7,46
4de9ab35b,53
12eb5dc94,56
ed7123e07,102
db735ff57,18
b26f33224,4
213cea039,76
381bc1702,102
e20191edf,24
0501292e5,12
114c7355e,0
29a77c458,74
ab5f64570,91
bf4bc1677,42
cd88f6d4a,28
00d32bef1,4
7e8b191e8,103
14e124c03,96
79c1a3d97,73
5eb9825ce,29
8eb64dc4d,95
afa3fc6ce,52
f0de6586c,93
e240c69a0,102
459ef45ac,84
e25ca1054,4
ed0be72ef,83
5b15fd082,100
4646117ab,12
83302ca82,102
6a3e093a7,10
03333ea62,70
0b3c9e1a9,14
ec68ef123,48
0faa6c65f,50
59372c831,75
f60ba81cc,71
7d58bbc35,73
04fdbddd7,103
a7bff7fab,67
729ac5e06,68
08c71ca8f,51
5a11b89db,68
9a863b9ee,74
58ffca855,73
8de4ec677,102
aa016ddfe,4
58879de83,48
366fd6686,66
081ee9650,102
fda794abb,67
314dd31b2,83
4630fb885,103
547815be0,45
dd4cb3fbf,39
7eb988267,73
8693ef6b1,5
cb59a4824,67
7f3e45975,36
31ad8f4ab,86
fa19200be,34
8571d6622,102
cc4399647,0
872eafd2e,83
a9cb1cf8a,24
6575f6563,74
e2fdce920,4
5d3d71c05,14
807ae65c5,47
0875c4f20,89
61d0998a4,48
4746340a1,75
cd6748273,35
dd613b9f2,76
d1196d6ef,49
ec6b3bff4,80
2957381ac,13
c29915daf,51
9a3f6c785,74
edbb2c2f5,48
9009c7887,80
0308348b8,14
441f60624,93
734fc53fb,5
eb92d9778,17
392d4f5ab,86
51f607616,14
b6eb04bf0,93
74aaa5e78,5
a2e48b4b8,63
6802325de,39
61547bf69,103
310f07ff4,49
1a0d4b775,4
57f7948f4,63
5ed355568,82
700cfcbd2,75
17c8dae41,72
a0ea70e97,28
9372a8558,80
8a81cba04,48
48d8779bd,94
f9c4254e7,14
19a795eab,94
087a71f75,53
1101a003d,29
aa85a14bc,43
9d388b6f4,4
72b388c16,48
4347196c6,103
57cdc3f59,5
67b85d53e,45
ecd73311b,4
36a930b87,61
bfd8234f6,47
42a9682a8,24
ca3dd51e6,48
2f36a9903,49
2c8b6d457,93
a8428cf05,67
be9d52ef0,88
78a777eeb,73
88f8cca3a,53
d8d27a914,4
e95556293,85
fd53118ce,77
69ca9a78b,13
5c88d781e,68
f77e765b4,14
acc5f6c4f,44
0b982469b,49
c46f7eba8,18
9cd8464ef,87
306cd2f2b,57
d4bd9703f,69
40da3a46b,0
7d5126c94,75
af181a2a3,94
7eb08a18d,73
c76daa7f8,7
435326c89,103
f86503c22,67
b0ddbab02,99
974d0a175,60
f10187efa,49
74837e719,102
8b86c4635,48
2c2f59092,53
4cc12b820,9
b3faa4ebc,71
4f7f265b5,73
3b6693e00,102
5d59f9a69,53
33ad24008,49
63bec561a,48
5359b52dc,14
cf86bf7e0,82
3b60b5bae,72
f68109bb5,38
72e6df7f4,49
d3cdb9655,102
ff0e67f2f,48
35d5521e7,28
cdd700dd9,51
730cbd08f,95
034fca563,103
50ae0bab4,89
8d9ce649d,73
f23084f4b,76
9351e7281,56
4f5abe367,102
b9fb466af,53
60e283191,4
e053b45c3,67
3b66bda54,91
adce755bc,41
0a2e4e1f8,48
30da0fe81,11
805a4dfb6,72
8deb17128,103
f1516a306,67
721e72651,50
7244c8b3b,70
2c2579451,12
cafd03a2f,73
11ce56786,29
64a1bdd75,49
aa5c575fd,67
469301bcc,1
96c6c97f9,42
7d47fa7ba,67
5554ae705,12
6fcfa47b3,4
e0df04630,17
8bfb79995,5
4191c5547,49
ff1935c29,11
c52b1e973,46
d7a64d386,67
d8bfdb6fe,67
c2e2626e4,81
09c208a92,67
d7b1f9c1f,7
a7b14afce,49
e7ec33080,62
b12c4cea9,4
6a2552916,14
d5f6e40f7,48
b043db93b,52
d470e311a,73
ad81d29a9,7
79f507d4d,13
d5b001638,102
58379dae0,24
01163c5e2,91
ad3eb529c,48
0eb530d0d,73
c9db9600e,52
25b7cecbe,4
14b239870,11
651d0b2f9,7
a1b523d1e,73
6fbef3988,97
e45e707db,14
7a7c505a8,18
5906e9893,49
735783bb8,82
4df5a7b4a,102
e079e7ca5,9
024ecc6fb,103
39bb94d66,51
4217c1328,89
eeb419776,102
babc5e002,67
1b0656451,12
50f33fc4a,73
28f0909fc,86
e85121a2c,49
41f7c2604,61
548fe4d32,80
2dba0571f,67
5f024c911,49
d483748e6,71
ecfc076ab,20
a5f5634a7,75
70e6b4f07,46
bb91e163e,102
7b1177392,77
04a7f34aa,67
b83336a9f,67
110dac9f2,8
e2b90e868,73
284fc118f,49
65c796a0b,48
467025843,53
977ebbfb9,103
00f05ea9e,4
c5f7f7fe3,68
b7c02d7c8,102
2a40c5664,91
e555f7ecd,94
0186b465f,48
674e50421,50
35659b2ff,67
e109f9b0a,4
fb78539c2,96
7cb1fb42c,18
4dccae9a1,49
42e378280,93
350182af5,8
501229169,50
7fe424fe7,4
19e07f757,84
30e800167,103
79f93fc6d,67
36444082b,20
991294873,48
80ab4469a,102
a35a4626f,73
bdb501796,4
3c36c119c,17
da0a25a77,94
8cd1b6545,24
224416fdb,10
878bf09bf,103
392443fe6,12
9fb9a9e81,13
313055a9e,86
979d4369b,65
435e0f59b,54
e207a9c22,49
c51ad1704,76
5699993e6,14
02073dfee,29
831348989,36
f0fd3d741,71
ce3c158fa,74
541c4d41e,53
ffd3661d4,10
9704969a7,4
0cfc11aec,49
333beeeb9,49
9fc75b12b,4
3b66e2c2a,13
a51b01392,73
0120d37e5,75
8899f1bd1,4
5002bff77,103
7b825842e,53
3a1c2ac95,55
72e6235c1,87
1c4bdac93,4
28f90d5f0,73
760068096,4
19e95658b,103
50ee680eb,51
11b0ea314,12
a19256173,48
36c344ab5,14
22eaa8132,49
2b782bb3f,79
6939eb499,14
400b2bbda,49
edbf64b0b,48
e40a71ec4,80
a97dcebf1,4
d5bb1b0c8,70
4250ed062,25
57c754d1c,7
386e40044,14
a8331323f,27
754cd2605,49
f3e315051,46
6bcb5a502,20
82df3c1b6,45
4cbdaf60c,95
7fd945d34,47
5a543e058,13
5762da038,20
7d2cabb96,0
8523c7858,4
6d789c449,93
17ec6d74f,73
4fd5cd91f,22
08a1c14db,82
b4405e586,67
319a4d6d7,72
2d611a037,50
5b3739564,76
98ecbe0b3,4
497a53f79,75
62a410cbb,67
161a7d556,102
f2586d647,75
a622a8c05,17
7a90903de,73
337c0f7d7,65
05e218a53,94
62822763a,8
1c4a00029,53
92e7e630f,11
4fe65e8ba,28
30e9b5b6a,103
358530103,67
cac40db60,20
a0faa7276,69
87de4333d,53
a9c8ee568,67
2461915f8,102
c164f8571,97
77a43b493,14
d325e5d76,14
5b8f09d2d,14
124e119b4,13
7dce481dd,103
4d0ffe92c,51
4925bf95f,70
b8bc9b3b2,71
98033c300,28
8988c222e,31
aca9ab734,103
6d984df89,49
472c84cce,13
321437b6c,103
c7b1fd88a,23
d2277f8e6,0
282419eda,67
3505d54bf,49
0a73725b6,74
5b1892dfb,49
1984a614c,81
3db6ed179,87
9824cd034,48
cefe64b4f,36
408b2d234,53
22cef13f0,69
171d91683,68
486ddc6d6,75
9d624affc,45
faa0dd647,76
db65aac8a,10
1b3705cfe,51
d43d8c9d8,82
9942a5424,67
eee191638,95
824eae734,70
f5c310736,0
6e7b8fa3b,81
ae78a372a,48
7223d356c,73
7ae791f04,5
6550b53ba,43
d9bc877f9,103
bf4c39972,4
4a14dd513,67
04e0d362e,14
ef68e319a,4
bc45792c0,103
0dac4246a,87
958e9761b,48
eed18198c,67
5f22d82a2,58
0208143a9,53
7d825a631,87
b70a1ef51,44
e6c7eecab,103
4b69e4daa,41
5bdd76ad6,93
93e1b1b57,102
be2c310d5,93
1770a3955,39
52592a2ab,14
4e3b3b3cd,13
a3fdd2210,8
6326ba8d9,72
d007caae7,91
657a2302f,91
046b83571,4
4e3f96c83,68
2212d47f2,53
4181451b5,40
6c52831b1,54
c081f5b7f,45
3aff0dc0d,4
d08fafe17,76
ef26ad662,78
761340c6d,102
5ec4acbb4,75
d98e07837,72
da3a23d4c,49
dcab7fc67,79
0c288213f,79
ade9181a5,26
3ed70f179,98
b96a82543,4
393b7dc05,48
cde20b1b5,4
2f5064517,50
e9c5f7cd1,69
38f6562a3,4
04da4955d,8
01f76a519,8
4af75b596,67
36c06efe6,75
e8a6ceac5,4
187ba6ef0,103
8f4a554f2,68
67a25ece3,93
b187b258b,36
d8f9c9f6f,0
007258826,49
ece8721cd,53
61e0f377c,67
69c63b4fd,18
ff264d2db,76
8dbbf9d19,41
3af4c8105,103
4a9f824f6,67
bfd311430,75
8e55f2268,77
9f4b942ff,13
146fc86a4,53
fec3fbd0f,81
60d83cd0c,29
a249400b4,103
1989da31f,4
957f42d35,75
9dfcbdf18,49
6fbdee8bb,51
638d987cd,16
6f40daa0e,48
4c184156f,86
80c9bb328,75
da00cc5f6,83
9b28c9ce7,74
2d0832480,62
7d107974a,50
e68f95550,31
6b7f80246,36
7e61b7ed2,56
743a39958,28
88735317f,46
57a59f1ae,75
155fda1aa,0
26d9a1072,48
ffed2a555,65
0ed9ee6bb,67
887fb3ff6,103
dd33d59f9,13
679f13cfe,53
8a8fae985,102
9d375712a,55
6366d7061,90
c85a1d564,25
1b4a28bcb,48
fb5b6c2e7,97
9419289bd,75
c1390c263,53
2ea467d26,53
55dff9997,103
4a349dc90,103
35c0567f1,0
b7ad587a2,54
25079853b,48
ee9242d3c,77
6daf9a7d6,93
b7a815e07,40
27d271279,4
1a25cc01e,49
0c076890a,75
a20b98b33,53
78c58095d,4
cdfa5a4b8,49
3f5c2bb22,16
c3a60c66b,72
82c3b7f7b,10
627e5cd5a,19
18414db75,14
8e66ce122,53
4fc561f03,62
5cc548c43,67
e2372e47a,54
651a0b6cf,68
025c07b54,51
909e04f8d,67
e1499d78e,14
785e7d196,13
4f6762363,0
e36cefcc1,73
d85f2a17a,8
bd35bb1c3,102
5c54f01e3,80
3fbe83f91,53
0313e231a,47
3aa882bbe,103
5255b9b6c,26
7748f8039,73
36c544e98,4
875510d5c,67
58f68539c,54
3b79d913d,102
8182d588d,7
a51dbb7c5,51
dfff0c929,76
77ad23821,77
96b2a73ec,21
61f237fa5,50
b5fd782ee,28
53a05f5ad,75
b2d9ede68,86
74b98cfd0,68
86afbe278,49
a4a05f743,73
d0661be31,103
1c64ecac8,69
200cac2fd,14
5e0e038e0,73
794b67c42,81
b9f422445,13
167bb4270,28
14b62edb7,103
37aab2807,4
455ebacb0,95
117551743,87
a20b7d9fa,68
103a5633a,102
35975d1ab,73
e6b713626,4
8d6e9cd06,93
bd401fd21,103
d9cb87ad0,64
556f2c5c6,75
5f91412c9,1
ecadeb0a2,86
b46f208b1,83
2ecf2e9de,67
6d16c986c,67
64a00a8a1,4
c0ecf5eb5,75
29d5a8bd5,103
5d238f402,103
2395c9740,49
6cf4b47c1,76
1b0684dc7,4
8d6118759,73
02d70ed11,7
715656abf,75
97cf2d9a6,103
4c039d563,103
50749d154,9
6c360b751,48
5ff5a39ea,73
b3deff050,75
1a33ad4d8,56
fd0121113,102
057cfa1b3,75
919aa404b,13
5bddd9a50,67
7cca3e7ec,4
3cade7849,14
b335b5bd7,67
5cf823995,87
b5e238431,103
0a90e5cb9,13
d1cfb6a0d,28
afa405f0a,53
6fa36a899,50
e8e62aa32,48
5d56a12d9,12
6be94f8cf,72
3537c6c84,68
c11fb922f,4
346182497,49
66cfc023a,18
0b8333bd9,0
75e6b445c,24
4abbf6ecd,67
5febcda99,49
8c7950b1e,75
95c77ab53,73
e91e87dd4,48
6ed6b136a,103
de757dbb0,17
991108b09,0
84fc267ba,54
01520f1c3,90
a1b220f98,65
43f34500d,4
d66dec02b,4
d01453352,4
c590e76b2,8
53033eeff,53
790eb61fb,67
6309c0fee,53
1adf45393,103
d82441a6e,90
786ac2686,5
3bd1136ef,54
27455ebf9,54
9b608697d,41
a391d5adc,48
57c0bd843,53
7965e86c9,102
f0abbb0a3,83
054de124f,48
a98070f17,49
75607a399,103
caa1dd6ea,50
c301cdf4a,80
18e4061dc,81
98a3b2209,53
876b105eb,90
b7063973c,28
acbe731d1,0
7ff8d6f85,48
9750fe0c2,4
09bc0c309,53
35e573945,71
94ef8e44e,9
ef123cabd,0
eef606ee4,48
5376bd006,94
1d3399cbf,98
72f51631f,73
b62a1a945,14
e163f8333,68
ef591cabd,22
76311e00b,102
690f1dea5,49
3f3cfc6e5,103
033f56581,21
e23369e1c,53
0502ffb63,51
f9a14ea8d,91
4a42f34cc,79
a7855a3e3,103
12c03d834,67
463545278,53
f48aad6a7,13
ee64fb7d1,94
9a8d29f7b,103
63ac3780f,49
1beb4e8ef,10
a17d53e19,47
4546ad0cd,73
b27c04f88,94
509570780,4
8a0b0f47a,9
53d1111f9,103
0667667be,4
39c5bb98a,95
7af3ecde3,64
cce4b16f5,36
3bb893d48,49
fc6b8b594,70
c0a9efdcc,99
0ef6a4923,14
50b7b51b8,79
3af79d01e,74
e6135dd8f,8
7059b2c59,89
2a499fa40,68
d0411902b,67
5f729cf60,53
3be259713,53
57d9b8302,4
757e27b6b,47
a7af85579,62
b8c434ee9,103
e3b0ff721,14
d08d707db,48
a048044c1,102
4d88ed603,4
0f0ccd222,95
63ed2755f,49
72606e8f3,87
1d3f0519b,48
2fe816ce2,13
368d86c92,18
d75974136,73
77759374e,103
c6326ffed,102
4194b2615,16
a68286bc6,48
0dc507ad4,48
c87c12901,30
5df38050a,75
26a12de02,53
61290cc43,0
3a81df4d4,64
7d759eb81,70
f99834b3e,90
cc9d66275,65
a13d3dfa4,82
251a8d95d,53
2072cd9f3,77
d7388a066,68
53b2da1bf,103
c785abe6f,7
a98328317,14
e0098a158,103
0ae82a090,86
73a3ae7ee,47
410639882,85
5b87d8d4b,43
885f2eac5,86
f4cd5efa6,69
42b0abd95,50
73092f468,67
401b6e0c9,14
473c84ae9,13
d9aa13213,31
8756842ba,102
41f6cf7e1,48
b1041fc0d,71
6c6ba5d80,75
2b347b559,57
33f20f40b,4
45c6bef70,73
c251cfdb5,75
c2915a59d,49
9c2f4d9ba,50
58c271df1,4
4c1b8a5c3,68
62ea468a3,94
6e3c0fddd,49
0e0caa0a2,4
ad9a77e7d,68
9e3425ede,4
e8c49e13f,57
e8612373e,75
58ff8f465,49
d9f3637bf,13
41beb5c12,25
e0c7c20d8,5
13330e605,55
206b27d1a,103
97f545d6b,63
600bcfc2b,12
299e1957c,48
c9c069119,95
8f215711b,61
f29fbbe61,39
a80f444a2,39
e1177c121,53
657464c72,71
56f6e9dca,67
264d83a6c,103
9a302252a,91
6b227f122,30
d2b357573,43
4e6d9fad8,43
6a414839c,49
6f4179bbe,25
9dcdd11ed,75
57cd097ae,73
98dba17d5,10
049402ee8,102
7457a241f,53
2b95366a8,0
9debacefe,30
05c9fcf03,53
700fe6ff1,103
470697d01,49
bce577229,102
577a972a4,24
940485a6a,103
905ed2774,103
9804741b6,49
5536e05ee,102
0551c57d5,53
c27d7bff9,102
288510b49,49
d185711fc,49
45c11697c,73
c2300272e,41
1b6242f80,67
757541c30,22
270611007,55
a22110e6d,102
776fe6e63,80
e32696dd7,102
8c6fd0ec8,102
207684fb9,67
6a63a8764,73
42b92a427,63
396d20b5d,31
059ea5059,49
9a513b251,36
f421c6ffc,73
f096291b7,67
0e6cad3b3,45
dbff9bca9,77
1f3e62b48,21
1394e9ef2,103
e9564dc47,68
996a4ac53,49
29026b0a6,45
bed5e7833,36
22adafc7d,16
8816f311a,5
8b8836103,45
abf7ceca6,4
a8b29edd7,103
5d06b5c76,41
2b8f0ac5d,4
d8076fc39,44
e8993867e,11
d3ba42b8a,4
72b64a25f,31
5c8d0266e,71
240e151af,67
eaa6a3f7f,82
1ca8e07c2,50
22cecb30b,4
3510270ee,93
ac79edae6,23
a05c1a9e2,93
a6ec0a798,49
4aea86d3c,24
dda771b4a,49
9fe8be4ac,75
b80ea5db7,47
cca529347,75
a235500d0,66
012f05d4c,67
6fd250f15,103
4fe780b27,50
7ea4fd1e7,44
7ce82e1a4,73
4b4223c92,47
27753debd,4
e00cdee28,53
5a5fbb94d,48
18e22af9d,53
334118e8f,0
8e70982a4,93
79a025018,50
67e65b379,86
29040ce6b,4
d39e4ad87,103
9f447b11f,91
657d7b6d3,82
0bd70c4ae,94
f6f0e3d49,53
ba763e4ad,37
2367b5056,53
cf192fc6a,48
e8c36457a,87
1c5a3287d,61
db9c84b18,103
93e296cef,35
a11b09e07,0
70e87c482,91
ec53f72bb,33
2994ca253,95
82a14f17f,5
8559d49e6,87
9aa2210df,46
b1adced44,24
35e005ed6,4
79522023e,40
8b423a167,49
d3f044336,49
8cb48a7e4,43
7e58b251b,8
2f8b40852,86
925de0d45,71
fe1615399,86
b80695478,47
c90a12d27,7
1e71b66ad,58
d376c4365,55
4bc167a81,4
988f93442,71
7cb07f8df,40
5acae87e6,0
7fccc20cd,103
6d233727e,11
c3432750a,4
b1066d5b5,65
a324dcaed,71
f8da03f7a,75
035e7fa21,103
4f21ae7b6,49
4e99c537e,4
0bc95f66e,80
dede702d8,22
79ec6e32a,37
ae804f35b,75
79335a465,94
3e629f05f,72
c128b1e28,29
fee53d77a,73
82fdce8f2,78
189976301,67
f84be6387,47
792982c6c,14
4ff518045,67
db53bafc8,56
77b8cd935,46
2ddbb0f83,80
0993a96fb,45
72d1bf434,34
c3222a379,5
498c0b419,29
78b988645,77
fdc6bab48,48
1f411d101,73
ec07ab0f1,30
111581957,9
4bf1812c6,67
57af706df,45
97b3e2eb1,16
4f87dd5ae,93
2af4172c7,56
0aaa84d90,0
f69023f40,103
b57f26c3b,49
9cffa1c67,88
4ea0a3352,4
5567bcd26,49
90956475c,50
7afc693b8,98
c1435ebc0,67
534764190,103
18ad828b7,69
ee578c08e,103
c63427eb2,99
04758b7d2,103
0aebb315e,79
6c8eb5daa,49
5e2f03974,71
8e681fe39,32
d314c03fd,47
5b3de280c,0
95a484b75,66
0094a72e4,0
2e8a14696,53
a5a71637f,68
0cd2a25e5,76
e0fe7e2d0,53
e7661164a,4
9f0f27251,102
097dde704,63
a45f859f5,87
d8749b8dc,43
6b8989275,103
c54d38d9e,94
c08671252,91
c548ffbe8,4
4fa678f28,51
ea41e95b3,93
ef8f495c8,4
54dc06c7d,46
b17ebaed0,79
1513105d2,68
b64db46f3,67
bc9873f0c,41
cf3bba4c2,101
903d6d1ee,49
0f9da9757,67
a15f2da3a,44
2e9790332,18
754250691,72
ee053208c,43
05071bc4f,73
9ddb372cd,74
e0a96117b,67
98cd24c97,4
8925b37f8,102
b909b96d7,43
1f42a9439,74
af8b9e043,86
7e25fdd6e,29
bcebc0b3a,74
18fba1554,52
514b8d03b,80
abea787cb,75
7300f20e6,48
1867b3487,4
6a3ce1e4f,4
fe80ea2ff,94
085ed175a,77
6dfa10ee9,36
dbc79f0f4,68
0be01212b,72
6eefb96f0,25
7600dbd87,2
603490d95,66
d00342c5d,13
21ea59543,45
f6fe43282,5
ae05e03cd,79
6485978a5,53
eaf6fbc84,71
0edbc1625,4
4a99afdbb,16
f73820e9d,103
19466d61e,48
ddb15721b,48
efcc34447,48
9d3360932,102
ae6ab4563,14
8afd1d330,47
b8f76869d,49
d8f8bccc5,53
4cacbf1fc,103
e64905c2f,96
269d88554,25
b108950de,49
38477b2a2,53
69dd8b98f,74
bfe670846,103
baa258007,88
73654808f,10
6034d93d9,62
43fd926f9,50
3a9b30bf8,4
e557fab37,48
7859791b2,88
6c77db7f1,103
44fb03a32,98
b9eed2baf,82
5a078c961,10
50a98f706,103
30e82e694,73
0be370901,7
87f8091d2,12
ae4b7aec3,4
78ceb6218,73
40ded13ea,4
d81994ed2,39
1375fd010,95
61ff4902a,4
fe214efde,75
b364a9362,14
d4e9355ef,4
64803f8fa,67
811acf839,49
8073355bd,103
57a04f0ef,49
5f66aedb4,5
972c95932,102
ae8e3af92,29
96a197cb1,72
d5cd9674d,53
93af01df3,73
d5e054427,73
67cb3cf97,100
dfb5140d1,13
132144011,7
f53f2f68b,103
67d5e3bf5,17
cd4bca93f,50
eef5aa7f3,68
e665e264d,4
a71e2481c,78
d9d6e7525,30
7d33fa1f7,67
0ea98df12,49
ee58ae806,67
9be9e90cd,48
1bb8d0c39,39
d5198c9f6,103
85d27a16a,53
9f9578396,37
abd803ecf,49
b078f662b,67
6ec67346d,73
8a5e8c715,27
54620ca30,53
1d9693978,57
900f1f50a,4
6adc43d81,74
1a902c080,49
c32f14d9e,67
eb1ac3552,4
cef09a713,0
bd049d019,76
4f14ea184,73
52e436680,90
c87d22df3,42
a3b63b1f7,22
ffcda7d10,53
0b619448f,103
9a3a414d4,7
34a95a94a,102
bd3518b92,50
2e31631e4,27
875d61521,62
ac263553a,67
bf8a78505,39
82e9c6954,75
ae6b4c59b,103
093f50986,7
32bcd07f0,0
8b2b9d6c0,103
237c95bc6,13
386369977,73
68e87d794,77
a5d650b37,75
4b0320af7,49
6be539abf,71
b8c3f66cf,25
019a2efb9,103
1f5a8d8c0,68
3beb40bce,7
c05075421,102
804f7c7a6,48
c6fdffb79,103
1ec665f37,50
90b57e4a0,75
dc40a9854,21
f1babf32a,4
333118494,33
d30f4ccaa,49
2a017a2ec,72
99f5a507a,67
a9a1e0332,49
2194ed33a,28
6ee6d6c48,53
465f2ddcf,68
cfbc79ec1,67
c64eb3a36,47
1226ffc63,50
5dd6b63d9,15
a5b604f04,30
1706c5144,14
d9e7e7723,45
baa0d1cb2,50
a1a26657a,52
d89e84047,67
9256e64b8,53
fb8be9bfa,14
ee19b7f65,67
702cf1671,80
b125a5970,54
4208f72ba,0
e6c9612bf,50
31dec703e,14
2ef28fa69,103
624196c26,67
d1655f52d,77
2c05dd6e0,73
832e7cf1f,36
f986f94f0,36
e2987599c,78
5e2125e43,74
3ff83ac2a,8
c701bae84,75
1a9d0eae3,48
5a2911399,0
d4c799460,17
b241ccc78,0
405a7d77a,53
41230fe49,53
e6ec47b1d,49
cd16a306c,82
f89a5307c,43
9b9c0e574,86
b9e60ac3b,67
78dbf0e31,103
478e21c30,14
a51abdf4f,32
0cf6cceda,19
70d635915,82
7efb877f1,103
2df00f8e9,13
fa612d18c,76
ec60dee71,53
1f244d315,102
67056dfa6,75
4abefc989,9
1dc234d6d,48
6521bc49e,67
cc9cd7803,0
54f73d67c,47
dcbd123a6,70
a91426ca4,7
c7dad9e04,48
15f331c1c,4
75d255458,95
ff30e8b96,26
0dd7f1f16,30
662f8bc0f,68
2f4c11e66,51
6ca8991a6,49
4ea1d0d52,53
01492b421,93
466f28358,103
237fe1fb0,37
37822e7db,70
4d9a5c0d6,93
8c8ffc7cf,5
6dbeff852,73
fe590ee52,73
9dc89dc6a,103
c5fda34e8,14
fbc29acc1,4
0b624f751,67
526449d16,91
f14b84f95,43
f78d35dfd,54
6db87048e,25
4bc218fab,80
274f4bd2e,87
228f748d6,85
db9eca137,12
2f4739680,53
0fdf5073b,68
a73efac60,81
ee2b50aed,22
e80ddeb7a,39
2688f98e3,12
da2d9bde4,103
44c94e8b0,67
3accec78a,102
b2104558a,103
12b48d46f,70
b1ab363dd,103
d0e21eef7,13
ca0113f84,1
c3ae73094,50
b983a51bd,103
e56f9fd6f,4
63348128c,103
7e4a5d836,82
32a2079ff,49
93cdaddc1,57
d93bfff1d,67
a567d4a59,67
3cd423fb6,47
764a3885f,74
8d2b32b02,53
c83825f6f,72
f58d7487e,62
5da84086e,58
da6606b4f,49
dacefb140,17
362fbf850,67
94da0ee7f,53
b339d0a61,103
317c8b0f1,4
71cc05cc3,39
c1553af6a,8
8fe181d94,49
38f3a40a5,103
666d25d39,103
f6482ab55,48
fef98a71f,73
878e5d725,53
477aa8655,68
fbfd9cd87,78
2ccf28e9f,45
c4970c739,67
38faa7eb9,46
9428dd133,53
ba4caa600,49
3ca2ee97f,71
527fe834f,92
c0fb3bed8,48
587e9b784,73
15a4485d5,48
6fe85feee,53
1e73b74aa,103
317b22963,73
7927ce9c6,102
92cf0e905,32
ba32fd161,75
5ce48d24d,76
03e5f5846,46
f3ee3f7ef,95
02c52b451,96
d5888b919,4
26d1c3498,8
8b5155f07,40
7796dda43,55
a6e295583,78
516ef6822,75
b909de36d,77
bcd77e220,5
0835292c7,0
2f57d711b,4
a5eab308b,87
0847f61d9,102
609230590,103
d57064ac3,97
9d65f5961,36
ec15f805f,71
6f6009530,28
8c026ccfa,95
b45b3f474,53
6ea1e9ac0,73
abaee2413,78
0e5ddc603,4
79245d0e9,38
76ad6cdd7,17
79c44e828,103
da0416b3b,13
bc2795b7c,48
500ac8bc6,28
bfda38c44,48
4244d98b7,4
e7bda0661,89
212497b97,93
1d0cc3798,48
9333ee3f5,73
42105b5fb,53
3f36a62d5,98
2c9dc020d,8
b7ecbd370,4
da76579e7,78
96112131f,28
40d992dc1,48
3bef19347,102
99b3a15e5,49
a1f8b0936,53
56737d31f,67
4612e397b,4
a7b95dad7,103
77d850f7e,27
1b474b251,18
2bec0d2ea,103
ada0d1354,59
9154cfc20,4
f552eaaed,83
83c2057bc,39
2a18f7ed4,3
0950aa4c0,14
c1d072b0f,83
d9e1e54c4,4
531165006,103
f73a6bda6,93
27aa48f60,12
8d4598be0,48
544ba8771,4
209e45144,49
8e6591362,22
a0d752238,50
d70fac2cf,77
315a148f3,0
3070b77cf,55
28f52a866,29
d0f992c31,45
151e1bb21,49
d7e737749,55
dc9af495b,13
185f4651e,73
032ca1556,4
32bd3826f,56
1bff5085b,67
8f7809cb4,74
a29efa0f2,53
82c248395,14
9f2d4991f,53
b9bae6b0e,34
f1deb3cc1,43
aa8eef48e,103
1329c5b4a,75
218ffc7c9,13
e6f327757,50
23f7b7a7a,45
459adb9c4,72
45a36938c,50
b6a36c182,67
1e26604ea,21
04bc5ff61,86
dd102e397,102
4bd5d4982,52
0e4cdf053,12
ef7856a23,103
77a987385,80
9fd265646,28
9000b5760,69
9d7b004b2,75
b25c080d9,102
afd01aca5,43
392019a2c,4
d782603ae,45
aec93bbc4,53
2cd58674e,53
6e3716497,73
dc77fccc8,7
f7fd08c1a,73
ad9aa2ae2,88
b99ddd49b,45
1e9cf8264,16
4afd54574,43
9556bf430,83
75dbc2c81,69
8919d694f,53
e39fc5430,36
563f7b16f,0
735b3631b,95
d50341097,70
3c525cead,72
fbc1f1f89,49
994db92ae,25
a7756b411,53
fef2b59d5,103
3353b9bda,17
d15a4d94c,49
b52d8f0a2,47
16b00a5d5,13
343a80f91,27
f9dcd69e3,67
d08960735,73
0ef6541f9,32
c8bff789b,36
e269805f6,76
52171b028,29
4e1eb807f,36
e7d33e06f,73
01c00d9c8,53
8695f4633,103
61f3da6ae,55
0ce7adbea,83
8fe41c548,48
1b426a50d,0
1600cce78,53
d9d483387,4
9dfd91c6f,67
71c31d4be,4
0e7c4c272,57
1c074bd0f,67
a7f5360e0,4
d753dc261,7
701d4ac2f,8
0497c3265,81
fe1857f3f,94
778808485,47
9c1a396f9,87
8175828ef,47
9edb00dfd,49
b6fbcbacb,53
9b444719b,49
db789a901,4
1fe55a939,12
5fbdf775d,49
88c6b5f1d,102
2f29a2a9c,73
43df50ed0,86
5fedd16b9,4
ddb556ab6,46
7c2d22784,43
61b28f8bc,68
ec3f90c05,67
bd439cf5e,53
fd88bb2c5,78
9f5e5ec3f,4
df8c1c48b,56
9b7918a64,46
fee9f7c67,49
73b47d713,103
8eed96f65,85
97ccf888c,103
96109449d,8
7698bb454,5
ee40fc4e5,75
7d0e7bbd2,77
e1f685853,73
a3d8cc563,33
6eb8b8e84,13
61ceb0f5b,94
711216a77,94
af4d8f92b,67
1ca3b1ec9,13
f35bba490,56
d3d08e737,32
318d049f2,49
7fad74e0f,86
9011dddde,73
6f725ddd0,21
8b4dab7c3,69
3d3dbb521,10
7a512bfa0,67
9dfc925a1,80
4831ae48a,58
4d0229802,4
5c597c7e1,90
487a6f05e,34
6c123c407,85
419424bb9,67
70be85fb4,50
71c381469,47
a4f827652,13
8cee8b405,53
aead648e4,61
1ef2e4de1,4
681e2b154,93
a0d5a99e0,53
c753eb6c0,9
c3565844a,102
b846a9ee6,101
4cf56a9f2,51
9a6a82b59,17
67eb6bb6d,67
960b40f5f,0
da4a55d56,26
610314687,18
be3a7698e,103
e0151da58,4
3fddc8eeb,37
a43f7fc0e,49
8c17a992a,48
f5ae2d10f,90
0b5c8e646,103
139bec7ca,29
db0c2006b,28
7d7a8baeb,25
e88d42b8b,71
b9204c339,0
b273a1ca7,39
4a530e1c1,80
0422f8181,12
6c51e020f,47
3d4a5ad3e,30
c2ad42df9,73
b3acfed2e,103
83b0ea85f,13
c55a2af2f,4
89ef3a121,67
68510e311,102
4c4fda276,103
c1c9a86db,10
e4f8cae75,95
e6798651a,50
7f71b69e8,75
c180f1160,80
bb298dcc5,10
b67bdf3d5,13
eb478b7cb,73
b78e121dc,14
2bddd2904,73
f4dd28145,94
a1ca4c928,4
69bdf9905,24
80d50c469,103
cfdf97182,102
b7882444e,16
570029ba3,74
37b58af62,37
ebc7ae3b0,45
28c5b096e,97
7c9adc043,56
7e1f50feb,73
f718d5fff,102
83bd193a6,103
b2cdea1bc,4
885d5d2ef,93
f2f66f2c0,102
0d7eab0ce,46
562b2d688,59
1b7916b63,102
078233359,50
b9e513369,87
e45a03866,103
aeb1a52fc,51
db2bf0488,67
ea32570af,13
2e7d74e55,24
ed429fccf,49
a5b6a29c8,59
0b9edd8f9,70
d0b48815a,53
eb4bacc7c,5
d8f81ecea,4
c1e7e7867,76
b1391f097,77
88226300c,73
ca9c4b1e1,4
9e011c986,8
a0dfbd411,76
11ed4fed5,96
83abaef21,103
3eaf5a947,9
69af53dca,49
5f274a6ad,103
9e421d059,103
4cf1de29a,75
8e75c9098,90
3b518d13b,30
816ada493,53
df01d58ca,87
436f2b8f1,88
f8aff0cd2,55
9d98f7c9e,36
f9eb9c412,78
0c7c4d0a7,4
888fb3305,81
44903b337,73
42d890962,35
01a3fdd52,87
14d0bc36e,87
fd5cd4e2c,23
4ba2dc197,29
337187c30,67
b8bfa2b50,13
b52c3c500,103
23ea13205,9
8b293a45c,82
b0d0e7cd7,59
369e356df,28
6b47e8357,42
5b89103cf,73
2e21540ac,86
40fc0d8ba,31
a4cd1d43c,67
f0f7de90c,90
fd44aaefd,102
d5ccfad53,13
a5d4584c3,4
deb71b934,52
785f14a23,4
e256b0ce1,67
486715238,7
c5d48fbbf,67
a024aee0f,47
c199140c3,28
589fe7959,48
d6c7e918e,67
e46998f4d,28
dfc9c6a23,103
8a952300f,29
6e4cea791,4
ff889e23b,90
d95bb7f70,46
85f57ce0b,103
0c3928144,8
ef31624e8,29
319090100,77
27bf39b00,24
212081efd,86
cd4b41085,58
2cb2c881e,14
3cb2f9e9c,35
9a4c23eeb,103
50de80a98,67
ba9e33af2,83
e58b03040,72
141fe61d6,9
8af7864d3,73
9a4b0da88,68
8e2b5a31b,0
e7393ca3b,96
53ef32294,80
50a645c94,37
a2606d96b,50
c0de46b28,54
7799eb3ef,48
0d613de49,72
743c74763,90
cb5c98667,73
fc7c304b6,9
e48737634,42
316c28a80,40
5252bf766,71
6cf753c72,8
9bf7190d6,8
dde1f48c9,9
9eac41e56,47
82fdb1afd,67
ab3210eac,50
9b1d44428,68
f250dd64e,4
d6f707315,14
e6609d48b,0
cecc8c55b,102
e33bff353,68
bf3116d78,50
0a7989f52,47
339430425,51
ef9591f3f,47
f92de8523,29
4d1ef02af,57
9ec15c151,73
98e5cf2d2,41
af70c8cc6,48
366a3d04f,49
eec3f5ce2,13
6308fe124,68
e34772216,48
776074cae,52
f90c673f8,68
5586807d4,73
6a0b33f79,95
d7d866216,73
dd754aab9,18
51493dac7,13
3bf2347ab,77
801d0d3c3,75
b145fd2da,38
648319d0a,5
675e1db7e,48
03ac6694b,64
f35bfd300,45
a99ec466c,102
69a8e84ba,86
94c8329af,10
4f1f1670a,53
665bfe8f5,87
5fccfc9b5,72
5e0cdf39d,93
3b9e7a8f5,52
8e5430d77,88
75540546f,41
1972bae11,90
613831ee6,4
b5cc43bfa,73
826712f91,103
6f84aa228,61
7d2f35248,103
c223fc7dd,52
500c28291,53
2a872a9ef,16
943eef63e,42
c46b163d8,40
5de6bcf29,71
e1494fbde,48
328aba75f,1
7d6edd6f1,91
d14992eb2,72
35dbda91b,13
c5f4134e0,102
8cf5bf4df,77
3b3341edb,22
483a8e2d8,40
57a2e8995,73
aeaf5ccbb,77
00c12e4ff,49
b04f7be54,8
da9ed562f,103
329793680,51
fbfd88b1c,49
2449b5518,86
61b1040d7,47
a2d9d460e,30
029c37998,22
805e9a7b0,4
e1e5687f0,4
f509e2cff,0
9d051fef4,50
582a4afd0,77
5f8f53f23,102
6dbf25622,41
30bfe5b05,4
3231b476a,0
2e211accd,102
15bcf0bc5,79
54eb01070,82
1eb6f22d5,48
154f5a75b,75
52491f753,103
cdcb45570,73
7b38952f6,86
12fdb3200,9
f1b51e257,47
929ac8834,49
baf415f07,72
a007c4ce7,29
14024c433,43
0fdb2e372,93
b448720a0,49
cf087fd47,45
3ba519bb8,45
2406dc526,81
d01d8d2fd,45
a1d2cd9b9,73
f2defaf74,48
23e9b2025,49
b687e4bd9,88
fd5eb7e8c,0
2c670a497,67
98b1475af,75
3526d7815,103
6433f1917,67
34438649b,102
3feba0f46,10
c12330d34,69
9ae160f11,91
ea602cdc8,14
92782ef45,102
9944acf36,51
3f7fa081c,74
45a702ee8,62
92a289926,68
78bd1cad3,0
cc98ccc8d,4
92aea1584,58
d81c315b3,48
3dd3823ba,14
4434ef42e,73
e64bd2b5f,29
8967f7f3b,10
fe195b05f,0
21a0ef857,24
cb80e17f2,55
9367b53dc,50
471609fe8,49
086d87731,48
261838dd1,97
67fa9ad3f,8
f8bffd3d7,102
d0a99b293,67
5e287a0e3,103
c980fa8a5,67
9eaf1170e,0
f302f29a2,45
78a91fc04,93
d852da76f,73
9b7ad01b5,48
922e45d33,67
3070a069b,73
e6c3f8ec8,80
fc4e189da,4
43a84d203,18
64581ef78,53
a8de792e9,13
4e4504ced,94
42ed99f8b,67
70501f63a,49
351f462dc,30
3863b7205,48
abb6d81d5,77
c9d5ec522,75
d974a8a25,69
410641125,35
e69a97f86,47
985c8a491,23
1dbaa5744,13
90a369187,0
69a2f544d,88
6b57e5a58,67
7cc60fb22,13
baf87d0e3,63
c4a376520,93
80abd878b,102
f92ea03e2,64
1c7354786,51
5345fc847,103
3e7ae2503,4
c3c540406,14
1abc6d06e,73
1f2621b4c,41
b3cf1a86f,90
690f47487,103
30c74817b,91
37377ab6b,53
6e1842cc3,75
6abdbbd7d,68
817066a16,4
48e65f113,53
0dbbde2b4,75
724560f8b,48
7cff9aa7b,53
8e8f25c31,87
492569251,88
b104b01c3,28
ebd745005,13
e53134336,67
a94c4d821,80
c09ec978c,103
4bfdc5664,103
dd7ae60d1,55
e028101c5,14
78235a81d,43
fef9f8524,78
8361e9b86,91
57c274565,67
9980474e3,49
a534b0f16,86
450dd240e,10
e7b039312,88
cecb3fe1c,75
9403b3f86,51
014809654,93
5bc0988c2,9
e3fc821ef,84
b731c25d6,57
a07779d6c,49
d8f1c6f49,72
be007fe7e,68
5a5cc97ec,69
fdaf286c6,14
a82ca5b13,12
fd3fb66f0,4
3d6f46c76,16
3d5479aca,53
a76840623,68
29ee6d680,53
7514c8182,49
b5eb21e9c,68
f80f02286,102
13fff11ed,70
ad494795d,9
e26d85d35,67
dc8dc1ad0,103
f6d873abc,16
74bec8798,103
fd3bba010,53
8cccd4aa7,4
9af5f572d,34
12d007adc,91
16ad94559,102
f63a9b6fa,52
debf90490,4
444a5e9fe,75
ec55c0f86,4
7cb5e6b99,50
358cb6a28,52
f638a96fd,4
2e0dbcfbb,71
b24b4ecc1,96
3c425da53,14
41a9e2617,4
55da8e5b5,102
47664da16,73
00450d304,46
0db5748ed,4
025960a54,79
aee5c9b93,47
01262c8b3,67
fb85ca687,67
efd7dff01,50
70ef6d8bc,57
916ee9985,13
d482c8cf2,29
285e0bc7e,0
fe7857419,102
004b88e09,103
a9f0935ed,49
62728ae3b,102
197830e87,67
53622739f,72
57b0ac4e3,41
e925b2ba5,67
fabc19e97,96
a94f6dde1,72
388606357,74
08031b106,53
31e5dda95,4
3a17f07b0,18
91433794a,7
8304d7230,49
3cf641526,103
8d36d1fd7,7
ef6a25c92,13
67a4a4d91,73
a7fcb3749,94
4342207cf,67
08820c254,103
57bbb106e,49
96993f959,67
f809ac529,75
c8baf7ea1,90
de996c4a9,5
d71ba33b6,67
bf9e90a5c,8
12fb0107d,48
7f6076e29,4
ea85ab37b,90
9d44bd787,4
a475599ad,14
2d9284433,49
d86ebd20a,4
b0f5e118c,47
224d2ad17,75
69d14fa3b,21
a00b723d8,84
7e53bd3db,53
856565e67,71
64a8fad00,103
ecf64f4f9,13
302e11bd2,73
8d195e4db,73
c232077ef,103
272457fe0,67
117831b8b,47
269695569,73
d0cd8ecb5,0
7089f8683,4
8c39d1b41,33
7a8d95cdd,4
35eb134af,49
1a993f386,72
56cfcf9da,95
dc2ff7073,94
ce60e5f2a,57
6c95b6248,78
71c1f0507,4
32d9fa7d1,71
932aeb630,102
b91ced576,73
b7f261913,82
250af268e,103
c70d94083,72
97dfe0bfb,67
06f00d362,50
6959092b7,53
764a98598,102
b868bcb9b,103
3552b2954,51
a85a06d9b,75
1a40b279c,4
81bb11926,11
57abd6d16,56
54b876ff5,83
2c302c916,35
8228ed988,14
f3b8a1077,80
1ce1a7e34,25
c354e0d67,42
d8f64062f,53
bd6b0dfac,48
815b552f8,50
2c54bc2fb,80
ea6121903,80
0999994cd,8
0af1026b6,103
5d35e5409,82
10b54687f,47
c27d9c294,91
78c19e86d,49
89e147dd6,103
064a230b7,77
2b4605245,29
943e13c28,47
2ec187152,16
f21f7aba6,93
1f38d6778,94
43382559c,0
cd3c07f1e,53
08a78ffc3,12
377abf496,93
ff6213278,11
377240bbd,73
ed849ee3c,101
36d0c85f4,47
30802b47e,67
4a03138df,49
5a86ac765,13
9dfb86d81,48
eed177624,67
0571dcc03,0
0b2640e87,102
2a60639ba,14
e72ba29c5,87
02b01a158,102
2e7fad027,10
374452b3b,8
6953f8992,43
792e61b1e,49
767a87c4e,45
a6e42d0ec,21
b0e07a930,19
1d49676bf,52
e98492667,76
fd1ebe8cb,102
8af4a8896,91
797da59fa,75
39b18554c,67
536c83e57,4
875858dad,4
aaef221e7,48
66cf381b9,72
a4d628083,50
0ed0741d4,53
7d3786848,67
a6ad089f9,47
aa118cbeb,102
6af290ef5,79
631f04e66,48
76e3166a8,48
ab6404be4,29
500c6294c,102
8bae211d3,7
f95d4b24c,65
dc5498af1,41
c2ddc15a6,80
2a608c0db,103
d82a21bbd,93
f9c931893,53
18c7b92b8,41
523df966b,45
52a88af32,28
f267d94cc,21
f1184530f,4
8f76524a3,96
6e08cae12,4
367f0d3ab,79
69e41bdea,49
f969c00cd,31
e6dc466d6,14
5d3f635c6,102
37bd7591f,67
960cb8c40,73
165378703,57
f351a6e43,30
add649c7d,50
8257df18f,53
36b0477d7,49
705344bd8,103
44d4d79f1,53
7b3780a82,10
d25115245,49
c92860c63,48
1c39926e6,103
8846a7457,0
0e62ddf15,4
2cdb115b6,14
05b14593a,48
8fcb4c7e3,53
4f363e9db,103
f84335116,21
6bb4e9d41,48
90452c872,4
fd168583e,4
5ff57970a,74
0e8760c38,103
0a4ddf5c2,72
adacc3a94,39
811add27f,102
74fdf6cc8,12
54281d31a,67
e91cb4f98,7
15b77ba34,73
cd703e25f,53
87c39a44d,74
26806e9cf,73
dd959de66,36
38ea80b60,81
910b97274,102
5b9de4b19,83
06006e0c9,47
892426d11,30
a1ecb0622,66
b2b4ffcd2,17
2f0224a9f,4
9a1c7e11a,53
f5277593f,14
a6e0df6f5,4
81c8c5199,4
23e50dcaf,24
3b71397a9,50
88e6ef51c,46
7c3055bc8,72
80acbf30b,86
06ad3fc5c,53
18377be3f,18
5aafe07bf,4
5ff30ec8b,71
289e5b823,77
4a122e0ad,68
3744d58d1,21
ad6d4b44d,88
f33705a47,4
46f943627,72
9a55c6f1b,7
903bde9b1,49
54b444711,21
d615fd16c,49
ef9f75d12,4
9121b3849,48
211c90566,75
6bd4a7ab4,74
725cc0c4a,80
10c4c8d44,88
7949b71c3,67
3eb77db12,73
1d88115ad,103
1c4ad0e13,0
3dc7bb76a,46
dca3a0787,36
35a08a010,4
0fa462f68,4
3267460df,73
b3541d83a,80
59265d2fa,32
07f8cc8ca,48
f83f81e9c,102
e69fde9d7,4
216703083,45
c2fe4e836,10
245d80d97,67
94e8795c1,47
ad85435d5,67
b651d313e,96
04f9e9721,49
b4a235b93,13
ef65f22fb,87
088864629,75
cbe14bd98,49
fba0bb7e1,6
11b363237,46
161acbde6,4
f029a3429,48
be06b31f4,53
68cd38577,74
86c0fdb4c,42
c298d16b3,68
6a29fea52,41
e4cac2e07,8
dc5ba9ff5,41
eb0d37eab,13
3f39dac7f,1
69930f05d,53
97beecd94,5
5b9059868,59
cd009e1a0,0
f85f090f3,101
437e2a9cf,73
1914b6245,67
1161f79f4,29
27c74d8a8,82
675aad8ff,13
f66e3a446,30
58df72bc0,8
c359190d8,78
789e0279f,24
25b587ccf,68
4e8b618c7,48
2b71757d7,36
edc4d0f73,80
27c66fcb0,73
b382fd54c,90
b30c2d7fb,67
e9294bac5,11
2d6826d81,67
0c4cc8319,13
d4afbe85d,13
fe6889fe9,87
e71ef6701,4
035d2bcd9,103
5eab13f01,28
4ae7d6827,5
7d1794961,47
950a866ca,4
3f36f3f32,0
b41a52def,14
8303a6784,102
1e2c7b899,5
d8a5ce5ff,48
3c401022c,10
6d7b4a632,73
543a799bf,59
bfa9dec26,4
e46dce22e,37
f7457839f,7
1a2ba059a,11
45093c3fd,75
a781c6147,73
1886b234a,4
53fb48abe,38
a42065058,4
fab4eca91,95
909b6223b,8
725611911,5
0e1199571,4
a8d7d90ae,67
812b38844,103
8226b3a56,71
139b1d751,53
b0b2364f5,68
8ce0043be,11
3ebeb5ac6,36
e3d055215,24
1fb364cd2,47
d8c46cf4b,5
565242c3b,58
eea95e8a8,103
20cbfadeb,49
c3bcd37c1,93
8c5ae49a8,68
343bdb4b8,76
51507f7ff,42
0416248e8,103
2a0a14e04,49
bad7b9ba0,49
fac7af031,5
b134d8c5d,67
fb02c411b,10
073a72a81,52
bac490985,67
d6e9bc323,13
8404dd232,79
733de405f,4
884593f79,70
383e2e03e,67
ad77c781f,53
110f7428e,49
05ef686b7,102
be1b79939,4
618ad631e,83
c8d684975,71
c8c92b3d1,49
e881c39e6,42
e44de523d,28
6bff70a64,73
2d10d39ba,67
24cc36b04,55
28ee705b7,28
a959c7034,14
35e87cd85,52
385bb724a,102
1be394776,49
407df102a,40
630ddb37f,75
53a6ecdc4,56
847ffdf2c,41
f8326b046,18
629436111,76
4580f61bb,19
6348a7b61,67
ab35917f7,4
37dea321a,80
086fcc48c,70
90bb2bf7c,4
deb571149,43
6aae558ae,80
75bbc4353,4
f796dac32,41
282e04df1,46
d66f375db,74
5a83e84af,76
f0e0f2a32,101
58bb4ddb2,67
93178e5ac,102
2aba48b93,17
45bd6ecd8,101
cc7981c1e,14
057112f09,103
101551fbc,96
4b86a4171,67
f67795cc5,72
24ef54ca8,49
cb22250ca,42
4a9e8f7f7,68
fe6da2049,29
cc16ab1ba,4
8b5aa768a,103
45c23ce20,39
f3a8be142,35
c7acfdba4,53
8168ee82a,13
7cae1c547,55
e3fb7b8e0,5
cc446554a,102
fd311eab7,103
d90f33907,102
4a608f8ad,49
065c9b5be,59
e2aef08ca,4
4134d5714,91
08ffacb06,50
d0007cc98,91
ac869f858,83
3dd834459,67
fc70a3b37,84
9e9dda9fe,89
fc601ec84,86
1e155978a,103
5752ad3e2,40
0e5e79e60,11
5934fec49,13
510743b2b,39
8024a233d,14
4fa22a6e4,64
4bb5a49ca,36
063528d00,36
5924c5e47,52
09a438bae,48
b79cf00ff,69
f91c76038,9
2ffc025ec,14
1e954dd4c,8
d29cd9c2a,0
a3355967c,80
8ab688113,75
c9ae3ceea,50
aaa8e6d3d,70
e8aba010f,74
a01133fe3,10
9dac30b0c,56
1fa6772be,103
6a273ddf9,68
8a66bd5fb,49
7012b4533,102
4787424e6,7
3901d45a9,103
84b9be4d6,103
cfcd57260,69
70077ecb9,56
c7d865058,48
71c57f5bf,70
2cb6d8130,67
b37712a07,14
a030b3e71,103
ae61e912f,14
1bbcb152a,53
edc4bea12,102
cb225cfe6,74
7165bc7ad,103
53d9b87f7,46
990ca8dc7,68
b7aca2c8a,0
9e4dee17e,14
88de21f46,55
b0c17d5c1,102
bf6653e3f,21
ac63c6d38,29
54d263a8d,0
21c09e349,46
c22e3bf9f,32
10f4c026f,65
c5ab18c87,47
2e494a369,70
db95e1a99,102
d3777d5cb,71
5ec9553ea,73
d17ef4e5e,67
bc4c39336,47
ec80c1413,67
82856ba28,82
dc4f97c9d,67
98dcdf215,10
3dc8e9edf,47
773cb6978,10
4a9a2ca92,103
99536c670,14
ea0b66dd1,60
4a98c96c1,4
623270c63,70
756c7c9c6,49
40073bdcc,67
503c5b1ab,75
109a722a1,49
b86044a66,34
36c65119a,53
79c33f52d,39
ae331a500,46
0693e839e,103
6a664ced1,103
fa0d9a392,4
f9d24e47a,10
f0f7be744,21
787c185b9,38
250f0fa92,69
822b2880f,86
3c1645928,13
93c15dc29,102
cddf33a9c,54
7b6338bee,4
154896ab2,82
2429cadb3,49
64923375e,87
d390d32c0,4
103a4a0e6,67
2d46aba06,73
e95ce8077,102
155f68180,64
3f6b5757a,48
055ca7ae5,83
ed1e5c7aa,44
d30a6e9e5,43
41163300a,91
039b15a83,13
79e573478,46
3ba0b4f6f,82
5574a3c79,36
797d44519,14
d062630fd,11
51b1f6a59,79
9a6716090,67
82b0ce34b,4
3d99a3247,102
75e80fdfe,67
db0212bef,14
d5d2c10fb,55
d06bf1078,102
6a099e4a7,45
f5da36491,68
d12bd1d03,21
e80bee440,5
043666ac5,14
48689d750,58
941dde56a,87
8482cd4e5,73
393d8efdd,4
66574442d,97
048596edf,49
8a223576f,67
9264502a9,57
35b87f500,81
a91c62b42,30
4d42fbb18,4
f69355cc5,8
f0dc59c83,67
bcd68e6b2,29
f58f83775,39
214121cb3,87
5227d80bf,0
bf9efeb37,67
8c59b2b7f,49
d8909ecab,17
bb1e822e8,47
41cbb748c,25
04721ef43,53
4d20e5f0e,29
9c64cb14d,79
b8c82be3f,48
9a6e4aacd,97
c6774c8ab,20
5c66ca3ec,80
c63df66ce,28
149c9e414,103
4198fad68,55
f87390b13,67
ff5d4568e,53
911c029b5,24
36f394d24,63
d20e60a1f,73
878cb5b42,79
897e8e24d,70
7e2ed4d52,30
8f7576edf,75
45ad763cc,1
f938ff523,71
c1e39ffe4,4
f78eecf21,103
f8933e5d2,47
41ffad9d1,76
a21a2c1b2,102
80ceb515c,53
2a158f54c,68
29c460e2b,45
055988ad2,14
cd86aac5a,4
9ca216086,49
6162cab31,103
9d4d22004,68
e34bf0fa4,28
0cfca4a37,46
47f47a868,80
27c1d078f,18
b9b88996b,94
e86e2a592,53
0b9afbdf2,13
8097bc805,76
2f9bf2b8a,84
c245c24bd,73
0f33f1ca9,103
09780bc52,88
0039e54f0,43
53be7448d,67
a6db70773,51
a0925df64,73
30eaaa6c9,87
f2cb54027,10
7dd20f99e,85
45655caf4,80
26d1f0e73,53
8c102e395,81
cbb2dd81a,69
814e0e21e,10
e203d6713,4
f670aa5ac,36
b547b5949,103
0b1ddcd93,75
2eb1d2313,41
cd27460a9,103
88be303e1,7
370fe09fa,32
bfcb81efc,52
e161af94b,103
b52dcfa52,82
4bfdf517d,80
250f30059,103
2abdb1c5c,47
559dc9594,22
dd1e506e4,4
f696ea622,51
6285f24d7,75
8794f7787,16
58605ff84,73
ed43b8e78,102
eec53fb8d,81
4e9ed92fe,77
b87d8fec4,13
4d8731d6a,103
5ecc1c8bc,67
527da06dd,53
bfdf112fe,89
7ba1904a2,75
affce3819,17
2a94eba93,73
b23e435d9,73
25405d6c9,102
c6ce2c1ae,4
0b3a02b48,49
92e74b080,51
083c5dcc2,102
147e5ef99,102
dd4a193be,9
a8efc4d66,36
2fa8f8b85,67
aa12729de,47
43fdb00da,47
65bc00f77,49
9d13c547a,49
529e8c1cc,82
688223573,57
e8d193a43,31
49292d94c,49
217fbb923,21
80468179b,58
babf57037,75
68b83ad56,56
6899ceaca,80
462eb88e2,4
fe1fcc972,53
62a7c181d,73
870b7fc50,49
4c1941cfc,53
9ed93a956,73
679f0dac7,47
4abe117e7,102
065817704,10
89c19cf37,67
47aa985a8,70
13ae95d53,75
af2a02abc,50
4fde9d58f,48
303979023,49
6251c33ea,79
026d342fe,31
f09cc7902,17
f50280136,57
db8b6aeda,103
eae09f119,103
f347c4666,72
84fece524,102
38b929b8d,16
afac3a5b7,53
3c4dd2705,80
894eeb28d,13
6581fb5fb,41
cc055150c,73
0509887de,81
7b38f9919,49
7a8a88b42,4
d1eebfd7a,103
98fae1d61,41
850acae7e,103
9b9e080c5,102
ba757db32,73
4cf202ebb,53
a991b14c8,75
e82bb0f6b,57
f7034380f,70
f6ec8db9e,103
3288217e1,5
37a4efb7a,53
2d1ee50cd,68
d4bfe24fb,46
8ef339ee7,67
4249b8e73,13
9390e29ac,47
7a2a38d8f,28
343f4db58,67
d3ad608e8,41
92d447000,49
06846ff3d,89
a02dbf1a3,21
ae3a8a68d,13
d01f39daf,0
c67210c70,4
47e7d602c,75
c25141a41,97
9ca5d93d0,4
71d39517b,59
2c3a35bfd,67
7cac453ad,8
a2d7f197c,103
d6fba1863,102
ce2335977,71
d2ce72fe0,71
dbe5bf31d,77
14d3647ae,73
2c73bd62a,51
4091cbb29,0
0608f2ec0,0
a7ab2ef02,53
2e478a3cb,53
b5fd14fbf,50
528c13be5,75
74eb03c19,71
4a506053f,4
f938b8711,103
bf16e0cb8,49
85c997028,80
557900fde,103
e33d3b318,36
3acfb71f1,27
523dfab06,103
d8d29bcf8,0
f2a6cb1f9,97
b82a2a3d4,69
5a33a8adb,103
6f9686457,53
9409f8d69,88
67873d67d,74
117122b38,72
e1f2ff623,103
1aacc5bb7,48
a3535e355,53
bd1b3d191,49
0862d460f,4
61e87e199,71
1a751ac8b,15
266ae8451,67
e71ab3905,49
491331146,48
263d09ca7,102
bd0d92568,72
fe2c0a711,4
c18a20c3d,47
4a41ae5e8,83
e964c6dcd,29
e69beeff1,49
2309219de,87
d08be28c6,62
c0e30a258,62
6473786a6,77
6d8432929,49
b6ef5389e,74
4149127b2,86
63a4aed70,50
8a81276fa,14
0d97ef626,4
f38fe4cef,103
acc377b86,41
523ec62fa,13
0555a95db,4
1d03ab65a,75
431a635c0,62
64027156d,67
4719dfcaa,75
47f7f9a06,87
97b161e96,67
452ec84b6,11
6e7b662f3,102
3406f987f,54
56c86b9c0,4
e69ddc9c5,56
20048b328,18
10c568a02,73
f88f94471,77
d853b843c,52
95d50723d,91
f7eede84e,78
f2c6cb2b4,49
83e64f32f,46
88fdcd071,21
6f12632ac,9
e752f8dfa,67
40752b008,103
ecdb603e1,103
5a7f69e51,90
9416364da,49
96cc54a3b,103
6de9b2572,45
509965df0,40
c0ebfe98e,24
3e17385dc,68
20e92f82d,10
7f01686f7,30
488cd2512,95
42f1496d8,4
47499b166,52
64dfb8137,74
bf7e00572,4
9deaf95b1,89
5a2c8645d,52
1dc077696,29
cad0e063f,73
0a383f1bb,52
e799e6e75,4
37cb79b63,103
adb78b73b,48
bfefa1d73,73
c4727766b,4
b8612fa45,74
4e65f53bb,13
1c30e72d1,73
3b932fbd0,73
ff9c8d8ee,14
f3c989c3c,26
7be31a9a0,0
067c659b5,103
f62d1e472,87
0a117eab6,39
6abbdbbe4,76
c931dc74c,88
fa1a492ed,14
2f2b2a1f9,73
6036f3641,96
0a63cce73,103
9f80ffecd,47
a6bda1044,48
7257ec39b,75
1e793aadc,4
599713c6f,91
79272fffe,74
4b8a4a3da,14
d665d6a8c,80
c1f7fad28,53
361e308e0,76
cb9adc4aa,103
9ada0d093,93
bcb18c6e4,4
c762253a3,49
504ce2b94,4
e3542e88d,53
f69e60044,4
8f04c2207,30
38765c6bd,103
67ecf7563,73
7f4a2f594,13
6b1551121,5
c2b8d96b7,4
7ebeaec30,87
385906707,48
f6f3f541d,91
21d31d208,48
c3f6cd0e0,28
656f4c5dd,77
98e101a61,13
d4c65214c,76
36c7c4a64,71
b080d20f2,103
3680129ae,101
dd9f61326,48
258ff457c,102
459d3299b,4
d278a4f7a,48
d4ab600c2,10
bd3464591,79
82d5f6620,68
4cd75e21f,45
2a5df761d,76
0045ce94c,67
028852549,102
92debc194,86
77fbaf59a,64
b0f2342ea,86
818253773,65
6022f99db,21
2a69fa3a2,73
496bb2adb,49
5d0b6dc90,49
b10193db4,44
80e758118,56
179aa8d61,45
91ed2728b,102
cbbc6e017,82
fea37b294,75
00a7a6244,73
36af4c914,75
1caf8b7dc,41
8c66b87c8,7
89ea4a518,51
a1c45a1eb,76
32863f792,4
f7f77acb9,91
7677ecd51,4
20ac1c597,46
6c4b066af,4
728a12444,6
b9feb1bca,93
6bf3d86a6,19
ab78481b6,103
8745560e0,81
98f577627,49
d6cd39e5b,13
b72ac95bc,22
2dfc47c2c,67
7eed3c569,9
8429cc1ab,86
508c39bfa,49
710ee21be,67
37771fa98,67
2a69bcce9,4
47f7fcd87,50
7b6429c7f,59
c3d234832,73
e1b3d72dd,96
7eaa17466,51
1e28c6a4e,41
d18e36dce,75
50df03fb2,53
59f5594d7,13
d913c762d,87
62eba5d4f,102
d7d655c8d,14
5d375ac61,4
e24d7d290,73
2b91acd3b,29
934408cfe,4
504e1695d,14
d85ac7942,14
3756769b5,71
c071b59c2,67
7153f9700,79
3da7aadde,80
0072f64ea,49
fe9040ec8,67
fc220624a,18
1f342e690,75
7dc21298b,103
4fd1724de,87
06a1a191b,49
fa43f67ed,103
7e23f7ad1,37
fbc9ef0f9,62
d1511e64f,12
7cdae8d89,4
bbbc5f9a8,85
983130c4a,102
206696cbf,13
60c188245,67
1f0642fd4,50
5bf457360,103
7e5967223,4
c3bab1104,0
57f44a56f,16
41c27b630,71
c0b653e38,48
4ea7f54f5,91
93b56e886,103
73356bf2d,85
8893d08a2,46
2557c29c7,68
6db4781a7,10
916834e2b,67
7c10f4b8b,76
6b9570949,2
6429d59a3,16
88ab1aed7,71
816ea6eb9,53
1363038b9,37
aaafbe4e9,16
f157a3c6b,49
2ae165ee8,76
03c54f05f,67
f033adb55,72
08c3da1cd,48
5c76c7057,68
0535ccb68,53
f5207be25,67
34aceeacc,46
d34eabf31,67
bb9565c29,11
947bca713,28
fe1669ffd,54
5f84c75f9,7
7db44032e,73
b2004fc1c,103
01597bbec,48
ce72a44fe,48
226ff375e,68
7b1e459ef,76
fb9a6a9b5,67
f811b7fa3,53
07f85cd68,71
3a391563c,90
434079379,14
84a3027c3,82
142929b13,73
7de565519,79
c6bb832b3,0
f76006728,10
fb67e5172,53
671ad3443,67
7ac6f5ed5,4
c93ecfaeb,29
9a167fc40,103
6ba2f9b54,13
9e87cc8f0,10
1fe1115ee,45
4e933f65c,68
9cb714943,4
76bb433ee,88
26914358f,49
0cf33d505,49
44af20a55,88
6273f48ef,14
3875d3601,40
c404b8c8e,21
